Date,Global_active_power,YearMonth
2006-12-16,3.0534747474747475,2006-12
2006-12-17,2.354486111111111,2006-12
2006-12-18,1.5304347222222223,2006-12
2006-12-19,1.1570791666666667,2006-12
2006-12-20,1.5456583333333334,2006-12
2006-12-21,1.193757997218359,2006-12
2006-12-22,1.6259291666666669,2006-12
2006-12-23,3.314851388888889,2006-12
2006-12-24,1.7708416666666669,2006-12
2006-12-25,1.9049444444444443,2006-12
2006-12-26,2.7320208333333333,2006-12
2006-12-27,1.0616388888888888,2006-12
2006-12-28,1.4393319444444443,2006-12
2006-12-29,2.204438888888889,2006-12
2006-12-30,1.939709318497914,2006-12
2006-12-31,2.426525,2006-12
2007-01-01,1.9090305555555556,2007-01
2007-01-02,0.8814138888888889,2007-01
2007-01-03,0.7042041666666666,2007-01
2007-01-04,2.2634805555555553,2007-01
2007-01-05,1.8842805555555555,2007-01
2007-01-06,1.047484722222222,2007-01
2007-01-07,1.6997361111111111,2007-01
2007-01-08,1.5565,2007-01
2007-01-09,1.2979541666666667,2007-01
2007-01-10,1.496388888888889,2007-01
2007-01-11,1.5661069444444444,2007-01
2007-01-12,1.014788888888889,2007-01
2007-01-13,2.2130652777777775,2007-01
2007-01-14,2.0902126476719944,2007-01
2007-01-15,1.4921375,2007-01
2007-01-16,1.1711138888888888,2007-01
2007-01-17,1.977561111111111,2007-01
2007-01-18,1.2649041666666667,2007-01
2007-01-19,1.0280833333333335,2007-01
2007-01-20,2.1762027777777777,2007-01
2007-01-21,2.366154166666667,2007-01
2007-01-22,1.5142319444444445,2007-01
2007-01-23,1.2344722222222222,2007-01
2007-01-24,2.074898611111111,2007-01
2007-01-25,1.1085722222222223,2007-01
2007-01-26,1.1235916666666665,2007-01
2007-01-27,1.4194944444444444,2007-01
2007-01-28,2.147466296038916,2007-01
2007-01-29,1.37685,2007-01
2007-01-30,1.1859708333333334,2007-01
2007-01-31,1.6414944444444444,2007-01
2007-02-01,1.2671944444444445,2007-02
2007-02-02,1.15815,2007-02
2007-02-03,2.7984180555555556,2007-02
2007-02-04,2.4971805555555555,2007-02
2007-02-05,1.1425555555555555,2007-02
2007-02-06,0.8843611111111112,2007-02
2007-02-07,1.6166791666666667,2007-02
2007-02-08,1.2509819444444443,2007-02
2007-02-09,1.1251375000000001,2007-02
2007-02-10,1.964811111111111,2007-02
2007-02-11,2.4800194444444443,2007-02
2007-02-12,1.3038958333333333,2007-02
2007-02-13,0.9823236111111111,2007-02
2007-02-14,1.735188888888889,2007-02
2007-02-15,1.3787125,2007-02
2007-02-16,1.182311111111111,2007-02
2007-02-17,1.4423,2007-02
2007-02-18,2.6595569444444447,2007-02
2007-02-19,1.5184819444444444,2007-02
2007-02-20,2.18745,2007-02
2007-02-21,1.4394958333333332,2007-02
2007-02-22,2.3431696801112656,2007-02
2007-02-23,0.9121388888888889,2007-02
2007-02-24,0.4964736111111111,2007-02
2007-02-25,0.3484305555555556,2007-02
2007-02-26,0.3947805555555556,2007-02
2007-02-27,0.35979999999999995,2007-02
2007-02-28,0.36164861111111113,2007-02
2007-03-01,0.3594194444444444,2007-03
2007-03-02,0.35811666666666664,2007-03
2007-03-03,0.5688347222222222,2007-03
2007-03-04,1.4518749999999998,2007-03
2007-03-05,1.8474527777777776,2007-03
2007-03-06,0.865625,2007-03
2007-03-07,1.6494486111111113,2007-03
2007-03-08,1.0917583333333334,2007-03
2007-03-09,0.8837583333333334,2007-03
2007-03-10,1.7254944444444444,2007-03
2007-03-11,2.417108333333333,2007-03
2007-03-12,1.3546305555555556,2007-03
2007-03-13,0.8959333333333334,2007-03
2007-03-14,1.2453916666666667,2007-03
2007-03-15,1.3088986111111112,2007-03
2007-03-16,1.1819819444444446,2007-03
2007-03-17,1.4083958333333333,2007-03
2007-03-18,1.6465597222222221,2007-03
2007-03-19,1.4948041666666667,2007-03
2007-03-20,1.4487694444444446,2007-03
2007-03-21,1.487563888888889,2007-03
2007-03-22,1.010401388888889,2007-03
2007-03-23,0.9090333333333334,2007-03
2007-03-24,2.0614097222222223,2007-03
2007-03-25,2.318362751911049,2007-03
2007-03-26,0.9833902777777779,2007-03
2007-03-27,0.7674583333333334,2007-03
2007-03-28,1.6207625,2007-03
2007-03-29,1.1044486111111111,2007-03
2007-03-30,0.9738847222222222,2007-03
2007-03-31,2.4371597222222223,2007-03
2007-04-01,1.9346888888888887,2007-04
2007-04-02,1.3616513888888888,2007-04
2007-04-03,1.1408472222222221,2007-04
2007-04-04,1.4249083333333332,2007-04
2007-04-05,1.2806097222222221,2007-04
2007-04-06,1.111902777777778,2007-04
2007-04-07,1.079113888888889,2007-04
2007-04-08,1.1172333333333333,2007-04
2007-04-09,0.6950833333333333,2007-04
2007-04-10,0.5398361111111112,2007-04
2007-04-11,0.6163069444444444,2007-04
2007-04-12,0.37340694444444444,2007-04
2007-04-13,0.3826541666666667,2007-04
2007-04-14,0.38490833333333335,2007-04
2007-04-15,0.5042805555555555,2007-04
2007-04-16,0.6613819444444444,2007-04
2007-04-17,0.8498152777777778,2007-04
2007-04-18,0.6932263888888889,2007-04
2007-04-19,0.7143458333333332,2007-04
2007-04-20,0.5712361111111112,2007-04
2007-04-21,1.162261111111111,2007-04
2007-04-22,1.5511902777777777,2007-04
2007-04-23,0.7323375,2007-04
2007-04-24,0.716736111111111,2007-04
2007-04-25,0.8778902777777778,2007-04
2007-04-26,0.8857402777777778,2007-04
2007-04-27,0.7599527777777778,2007-04
2007-04-28,1.0827619047619048,2007-04
2007-04-29,,2007-04
2007-04-30,0.73059375,2007-04
2007-05-01,1.1554569444444445,2007-05
2007-05-02,0.6968652777777777,2007-05
2007-05-03,0.7571097222222223,2007-05
2007-05-04,0.6931444444444445,2007-05
2007-05-05,1.0854527777777778,2007-05
2007-05-06,1.4597944444444444,2007-05
2007-05-07,1.1414333333333333,2007-05
2007-05-08,1.2425638888888888,2007-05
2007-05-09,1.1567611111111111,2007-05
2007-05-10,0.4915861111111111,2007-05
2007-05-11,0.6799680555555555,2007-05
2007-05-12,1.0010875000000001,2007-05
2007-05-13,1.1352347222222223,2007-05
2007-05-14,1.0192930555555555,2007-05
2007-05-15,0.62805,2007-05
2007-05-16,1.1756555555555555,2007-05
2007-05-17,0.8554277777777778,2007-05
2007-05-18,1.1330069444444444,2007-05
2007-05-19,0.9926680555555556,2007-05
2007-05-20,1.3668944444444444,2007-05
2007-05-21,0.7778208333333333,2007-05
2007-05-22,0.7867027777777779,2007-05
2007-05-23,1.0173166666666666,2007-05
2007-05-24,0.8016583333333333,2007-05
2007-05-25,1.1209861111111112,2007-05
2007-05-26,1.0501722222222223,2007-05
2007-05-27,1.4957,2007-05
2007-05-28,1.1371305555555555,2007-05
2007-05-29,0.7370416666666666,2007-05
2007-05-30,1.1179625,2007-05
2007-05-31,0.6517708333333333,2007-05
2007-06-01,0.7261417651146629,2007-06
2007-06-02,1.0308069444444445,2007-06
2007-06-03,1.4639069444444444,2007-06
2007-06-04,0.6330680555555556,2007-06
2007-06-05,1.0131194444444445,2007-06
2007-06-06,1.176954829742877,2007-06
2007-06-07,0.6840291666666667,2007-06
2007-06-08,1.491698611111111,2007-06
2007-06-09,0.7559300998573467,2007-06
2007-06-10,0.9311194444444444,2007-06
2007-06-11,0.5518430555555556,2007-06
2007-06-12,0.6380319444444444,2007-06
2007-06-13,0.643938888888889,2007-06
2007-06-14,0.8743638888888889,2007-06
2007-06-15,0.687225,2007-06
2007-06-16,1.4012236111111112,2007-06
2007-06-17,1.3521458333333334,2007-06
2007-06-18,0.47116250000000004,2007-06
2007-06-19,0.5857858136300418,2007-06
2007-06-20,0.7460319444444445,2007-06
2007-06-21,0.5603791666666667,2007-06
2007-06-22,0.3932597222222222,2007-06
2007-06-23,0.33164305555555557,2007-06
2007-06-24,0.49628888888888884,2007-06
2007-06-25,0.7445847222222223,2007-06
2007-06-26,0.6561861111111111,2007-06
2007-06-27,1.0283513888888889,2007-06
2007-06-28,0.8996097222222222,2007-06
2007-06-29,0.906322446143155,2007-06
2007-06-30,0.9273013888888889,2007-06
2007-07-01,0.7129611111111112,2007-07
2007-07-02,0.67155,2007-07
2007-07-03,0.73605,2007-07
2007-07-04,0.6968125,2007-07
2007-07-05,0.7342291666666666,2007-07
2007-07-06,0.7427250000000001,2007-07
2007-07-07,0.943198611111111,2007-07
2007-07-08,0.7563055555555555,2007-07
2007-07-09,0.8195541666666666,2007-07
2007-07-10,0.6307805555555556,2007-07
2007-07-11,0.5016333333333333,2007-07
2007-07-12,0.7427652777777779,2007-07
2007-07-13,0.5516541666666667,2007-07
2007-07-14,0.8945625,2007-07
2007-07-15,0.700018320610687,2007-07
2007-07-16,0.5928291666666666,2007-07
2007-07-17,0.49974444444444444,2007-07
2007-07-18,0.5257513888888888,2007-07
2007-07-19,0.47075416666666664,2007-07
2007-07-20,0.771126388888889,2007-07
2007-07-21,0.7362833333333334,2007-07
2007-07-22,0.9560625434329396,2007-07
2007-07-23,0.6882069444444444,2007-07
2007-07-24,0.5731138888888889,2007-07
2007-07-25,0.32816666666666666,2007-07
2007-07-26,0.6420138888888889,2007-07
2007-07-27,0.8350791666666666,2007-07
2007-07-28,1.1262930555555557,2007-07
2007-07-29,0.2229972222222222,2007-07
2007-07-30,0.3241777777777778,2007-07
2007-07-31,0.5641194444444444,2007-07
2007-08-01,0.7472431289640592,2007-08
2007-08-02,0.7079277777777778,2007-08
2007-08-03,0.7384472222222223,2007-08
2007-08-04,0.7951319444444445,2007-08
2007-08-05,0.5465958333333333,2007-08
2007-08-06,0.75675,2007-08
2007-08-07,1.0302638888888889,2007-08
2007-08-08,0.7815847222222222,2007-08
2007-08-09,0.7442222222222222,2007-08
2007-08-10,0.7138958333333333,2007-08
2007-08-11,0.7580902777777778,2007-08
2007-08-12,0.8624333333333334,2007-08
2007-08-13,0.8007027777777778,2007-08
2007-08-14,0.6536041666666667,2007-08
2007-08-15,0.8276805555555555,2007-08
2007-08-16,0.6656222222222222,2007-08
2007-08-17,0.7013138888888888,2007-08
2007-08-18,0.24163888888888888,2007-08
2007-08-19,0.9877041666666667,2007-08
2007-08-20,0.929751388888889,2007-08
2007-08-21,0.44621944444444445,2007-08
2007-08-22,0.8401444444444445,2007-08
2007-08-23,0.7724388888888888,2007-08
2007-08-24,1.1509478804725504,2007-08
2007-08-25,0.7992222222222223,2007-08
2007-08-26,0.9131291666666667,2007-08
2007-08-27,0.8414791666666667,2007-08
2007-08-28,0.6923638888888889,2007-08
2007-08-29,0.5194388888888889,2007-08
2007-08-30,0.8350402777777778,2007-08
2007-08-31,0.8887652777777777,2007-08
2007-09-01,1.1815875,2007-09
2007-09-02,1.1544916666666667,2007-09
2007-09-03,0.7214736111111111,2007-09
2007-09-04,1.1006555555555555,2007-09
2007-09-05,0.8587305555555554,2007-09
2007-09-06,0.6260236111111112,2007-09
2007-09-07,0.9281222222222223,2007-09
2007-09-08,1.020661111111111,2007-09
2007-09-09,1.1663208333333333,2007-09
2007-09-10,0.7759555555555555,2007-09
2007-09-11,0.6830361111111111,2007-09
2007-09-12,0.8942805555555555,2007-09
2007-09-13,0.7960986111111111,2007-09
2007-09-14,0.7885208333333333,2007-09
2007-09-15,0.7606333333333333,2007-09
2007-09-16,1.1473777777777778,2007-09
2007-09-17,1.0147125,2007-09
2007-09-18,0.8107777777777778,2007-09
2007-09-19,0.9018638888888889,2007-09
2007-09-20,0.8718972222222222,2007-09
2007-09-21,0.8602638888888888,2007-09
2007-09-22,0.8167861111111111,2007-09
2007-09-23,0.9847013888888889,2007-09
2007-09-24,0.9406458333333333,2007-09
2007-09-25,1.2252375,2007-09
2007-09-26,1.267221140472879,2007-09
2007-09-27,0.9670833333333333,2007-09
2007-09-28,1.1670125,2007-09
2007-09-29,1.5948069444444444,2007-09
2007-09-30,1.0529791666666666,2007-09
2007-10-01,1.1950847222222223,2007-10
2007-10-02,1.526988888888889,2007-10
2007-10-03,0.8892041666666667,2007-10
2007-10-04,1.0544847222222222,2007-10
2007-10-05,0.9681194444444445,2007-10
2007-10-06,1.2196111111111112,2007-10
2007-10-07,1.4625791666666668,2007-10
2007-10-08,0.7605847222222222,2007-10
2007-10-09,1.172123611111111,2007-10
2007-10-10,0.8103972222222222,2007-10
2007-10-11,1.2030874999999999,2007-10
2007-10-12,1.3295166666666667,2007-10
2007-10-13,1.3380055555555557,2007-10
2007-10-14,1.431425,2007-10
2007-10-15,0.8793958333333333,2007-10
2007-10-16,1.3641958333333333,2007-10
2007-10-17,1.0950902777777778,2007-10
2007-10-18,1.054534722222222,2007-10
2007-10-19,1.4483666666666668,2007-10
2007-10-20,1.1529486111111111,2007-10
2007-10-21,1.3485694444444445,2007-10
2007-10-22,1.1478444444444444,2007-10
2007-10-23,1.3592823365785813,2007-10
2007-10-24,1.2955805555555555,2007-10
2007-10-25,1.2874430555555554,2007-10
2007-10-26,0.9983111111111111,2007-10
2007-10-27,1.2400611111111113,2007-10
2007-10-28,0.3556652777777778,2007-10
2007-10-29,0.37876944444444444,2007-10
2007-10-30,0.5632,2007-10
2007-10-31,0.8911180555555556,2007-10
2007-11-01,0.3445944444444444,2007-11
2007-11-02,1.002501388888889,2007-11
2007-11-03,0.3420486111111111,2007-11
2007-11-04,1.0317263888888888,2007-11
2007-11-05,1.0420777777777779,2007-11
2007-11-06,1.4460958333333334,2007-11
2007-11-07,1.2810819444444446,2007-11
2007-11-08,1.0424027777777778,2007-11
2007-11-09,1.5077958333333334,2007-11
2007-11-10,1.813611111111111,2007-11
2007-11-11,1.3105027777777778,2007-11
2007-11-12,1.4973236111111112,2007-11
2007-11-13,1.537776388888889,2007-11
2007-11-14,1.4222180555555555,2007-11
2007-11-15,1.0361027777777778,2007-11
2007-11-16,1.6039958333333333,2007-11
2007-11-17,1.8125652777777779,2007-11
2007-11-18,1.5165680555555556,2007-11
2007-11-19,1.1969819444444445,2007-11
2007-11-20,1.4554555555555557,2007-11
2007-11-21,1.217398193189715,2007-11
2007-11-22,1.3419291666666666,2007-11
2007-11-23,1.7518180555555556,2007-11
2007-11-24,1.3187875,2007-11
2007-11-25,0.9691652777777777,2007-11
2007-11-26,1.0900805555555555,2007-11
2007-11-27,1.9451472222222224,2007-11
2007-11-28,1.1423194444444444,2007-11
2007-11-29,1.194739402362752,2007-11
2007-11-30,1.6192555555555557,2007-11
2007-12-01,2.1770430555555556,2007-12
2007-12-02,2.045963888888889,2007-12
2007-12-03,1.2236527777777777,2007-12
2007-12-04,1.4358583333333332,2007-12
2007-12-05,1.4952222222222222,2007-12
2007-12-06,1.7277319444444446,2007-12
2007-12-07,1.2284833333333334,2007-12
2007-12-08,1.5370861111111112,2007-12
2007-12-09,1.5795722222222222,2007-12
2007-12-10,1.2213569444444443,2007-12
2007-12-11,1.6007666666666664,2007-12
2007-12-12,1.1028208333333334,2007-12
2007-12-13,1.2831569444444446,2007-12
2007-12-14,1.3713944444444444,2007-12
2007-12-15,1.9006083333333335,2007-12
2007-12-16,1.9182069444444443,2007-12
2007-12-17,1.2488297428769979,2007-12
2007-12-18,1.8216625,2007-12
2007-12-19,1.5250361111111113,2007-12
2007-12-20,1.353998611111111,2007-12
2007-12-21,1.3767888888888888,2007-12
2007-12-22,1.8133777777777778,2007-12
2007-12-23,1.67295,2007-12
2007-12-24,1.56795,2007-12
2007-12-25,1.8715055555555555,2007-12
2007-12-26,1.7918611111111113,2007-12
2007-12-27,1.7584708333333332,2007-12
2007-12-28,2.1618416666666667,2007-12
2007-12-29,2.290941666666667,2007-12
2007-12-30,1.777025,2007-12
2007-12-31,1.5392652777777778,2007-12
2008-01-01,1.916484722222222,2008-01
2008-01-02,1.1417402777777779,2008-01
2008-01-03,1.048686111111111,2008-01
2008-01-04,1.5915638888888888,2008-01
2008-01-05,1.5161444444444445,2008-01
2008-01-06,1.2674888888888889,2008-01
2008-01-07,1.177648611111111,2008-01
2008-01-08,1.4191319444444443,2008-01
2008-01-09,1.2419722222222223,2008-01
2008-01-10,1.3153305555555557,2008-01
2008-01-11,1.1845958333333333,2008-01
2008-01-12,1.9940333333333333,2008-01
2008-01-13,2.0025406532314105,2008-01
2008-01-14,1.4062027777777777,2008-01
2008-01-15,1.865911111111111,2008-01
2008-01-16,1.4832305555555554,2008-01
2008-01-17,1.0918625,2008-01
2008-01-18,1.5187416666666667,2008-01
2008-01-19,1.3752125,2008-01
2008-01-20,1.208588888888889,2008-01
2008-01-21,1.2909708333333334,2008-01
2008-01-22,1.6145958333333335,2008-01
2008-01-23,1.3071583333333334,2008-01
2008-01-24,1.142376388888889,2008-01
2008-01-25,1.5554555555555558,2008-01
2008-01-26,1.9687416666666666,2008-01
2008-01-27,1.6540041666666667,2008-01
2008-01-28,1.6029138888888887,2008-01
2008-01-29,1.85835,2008-01
2008-01-30,1.1393375,2008-01
2008-01-31,1.3568902777777778,2008-01
2008-02-01,1.0657305555555556,2008-02
2008-02-02,2.040329395413482,2008-02
2008-02-03,1.4476166666666668,2008-02
2008-02-04,1.130651388888889,2008-02
2008-02-05,1.7169833333333335,2008-02
2008-02-06,1.1594027777777778,2008-02
2008-02-07,1.0543819444444444,2008-02
2008-02-08,1.3545583333333333,2008-02
2008-02-09,1.4599138888888887,2008-02
2008-02-10,1.5171625,2008-02
2008-02-11,1.1750111111111112,2008-02
2008-02-12,1.3804152777777778,2008-02
2008-02-13,1.319790277777778,2008-02
2008-02-14,1.1143208333333334,2008-02
2008-02-15,1.3925055555555557,2008-02
2008-02-16,1.6298249999999999,2008-02
2008-02-17,1.3426166666666666,2008-02
2008-02-18,1.0516694444444445,2008-02
2008-02-19,1.477025,2008-02
2008-02-20,1.5651319444444445,2008-02
2008-02-21,1.1346180555555554,2008-02
2008-02-22,1.2031694444444445,2008-02
2008-02-23,1.2753616133518777,2008-02
2008-02-24,0.8770888888888889,2008-02
2008-02-25,0.35033888888888887,2008-02
2008-02-26,0.3521666666666667,2008-02
2008-02-27,0.39355555555555555,2008-02
2008-02-28,0.35359999999999997,2008-02
2008-02-29,0.9259361111111111,2008-02
2008-03-01,0.7929694444444444,2008-03
2008-03-02,0.8071013888888889,2008-03
2008-03-03,0.7226041666666666,2008-03
2008-03-04,1.1590208333333334,2008-03
2008-03-05,1.4147277777777778,2008-03
2008-03-06,1.7383388888888889,2008-03
2008-03-07,1.2937194444444444,2008-03
2008-03-08,1.5615694444444443,2008-03
2008-03-09,1.083651388888889,2008-03
2008-03-10,1.1240875,2008-03
2008-03-11,1.5278069444444444,2008-03
2008-03-12,1.2321055555555556,2008-03
2008-03-13,1.1635513888888889,2008-03
2008-03-14,1.5348749999999998,2008-03
2008-03-15,1.0946527777777777,2008-03
2008-03-16,1.2513611111111111,2008-03
2008-03-17,1.1853597222222223,2008-03
2008-03-18,1.3316430555555556,2008-03
2008-03-19,0.9086444444444445,2008-03
2008-03-20,0.8703291666666667,2008-03
2008-03-21,1.4350291666666666,2008-03
2008-03-22,1.4260527777777778,2008-03
2008-03-23,1.6152708333333332,2008-03
2008-03-24,1.3722501737317583,2008-03
2008-03-25,1.3999,2008-03
2008-03-26,1.1343555555555556,2008-03
2008-03-27,0.9519597222222222,2008-03
2008-03-28,1.3093222222222223,2008-03
2008-03-29,1.716076388888889,2008-03
2008-03-30,1.4905499999999998,2008-03
2008-03-31,0.9566458333333333,2008-03
2008-04-01,1.4785083333333335,2008-04
2008-04-02,1.1747722222222223,2008-04
2008-04-03,0.7838583333333334,2008-04
2008-04-04,1.1332763888888888,2008-04
2008-04-05,1.3685847222222223,2008-04
2008-04-06,1.1779986111111111,2008-04
2008-04-07,1.0686375,2008-04
2008-04-08,1.8454972222222223,2008-04
2008-04-09,0.8464250000000001,2008-04
2008-04-10,1.0262125,2008-04
2008-04-11,1.3039333333333334,2008-04
2008-04-12,1.9444541666666668,2008-04
2008-04-13,1.5506847222222222,2008-04
2008-04-14,1.1038763888888887,2008-04
2008-04-15,1.1600041666666667,2008-04
2008-04-16,1.0340722222222223,2008-04
2008-04-17,0.9693486111111111,2008-04
2008-04-18,1.293326388888889,2008-04
2008-04-19,1.565076388888889,2008-04
2008-04-20,1.2440402777777777,2008-04
2008-04-21,0.8084416666666666,2008-04
2008-04-22,1.1303305555555556,2008-04
2008-04-23,0.9425888888888889,2008-04
2008-04-24,0.7248416666666666,2008-04
2008-04-25,0.8803708333333333,2008-04
2008-04-26,0.6271986111111112,2008-04
2008-04-27,0.7001666666666667,2008-04
2008-04-28,0.457675,2008-04
2008-04-29,1.3698722222222222,2008-04
2008-04-30,0.7650874999999999,2008-04
2008-05-01,0.40000972222222225,2008-05
2008-05-02,1.0401166666666666,2008-05
2008-05-03,0.8955555555555554,2008-05
2008-05-04,1.0215069444444445,2008-05
2008-05-05,0.9492583333333333,2008-05
2008-05-06,1.2430416666666666,2008-05
2008-05-07,0.81685,2008-05
2008-05-08,1.4699291666666665,2008-05
2008-05-09,1.2133833333333333,2008-05
2008-05-10,1.3257833333333333,2008-05
2008-05-11,1.1186944444444444,2008-05
2008-05-12,1.058475,2008-05
2008-05-13,1.0256208333333334,2008-05
2008-05-14,1.1001819444444445,2008-05
2008-05-15,0.8074777777777778,2008-05
2008-05-16,1.14605702364395,2008-05
2008-05-17,1.1510097222222222,2008-05
2008-05-18,1.2527486111111112,2008-05
2008-05-19,0.7154597222222222,2008-05
2008-05-20,1.0981486111111112,2008-05
2008-05-21,0.9195222222222222,2008-05
2008-05-22,0.6783805555555555,2008-05
2008-05-23,1.0311916666666667,2008-05
2008-05-24,1.0973444444444445,2008-05
2008-05-25,1.4225722222222221,2008-05
2008-05-26,0.8956319444444445,2008-05
2008-05-27,1.1865972222222223,2008-05
2008-05-28,0.7738694444444445,2008-05
2008-05-29,0.7882472222222222,2008-05
2008-05-30,0.9703083333333333,2008-05
2008-05-31,1.1399097222222223,2008-05
2008-06-01,1.2839416666666668,2008-06
2008-06-02,0.7458416666666666,2008-06
2008-06-03,1.1095944444444445,2008-06
2008-06-04,1.1034111111111111,2008-06
2008-06-05,0.7778319444444445,2008-06
2008-06-06,0.8456347222222221,2008-06
2008-06-07,1.3072805555555556,2008-06
2008-06-08,1.0710569444444444,2008-06
2008-06-09,0.9206236111111111,2008-06
2008-06-10,0.7410347222222222,2008-06
2008-06-11,0.7800041666666666,2008-06
2008-06-12,0.8745361111111112,2008-06
2008-06-13,1.3024878387769283,2008-06
2008-06-14,0.9617500000000001,2008-06
2008-06-15,1.5896541666666666,2008-06
2008-06-16,0.9048916666666668,2008-06
2008-06-17,0.7951972222222222,2008-06
2008-06-18,1.3150055555555555,2008-06
2008-06-19,1.1028347222222221,2008-06
2008-06-20,1.1639611111111112,2008-06
2008-06-21,1.2043430555555554,2008-06
2008-06-22,1.087788888888889,2008-06
2008-06-23,0.8693027777777778,2008-06
2008-06-24,1.2183694444444444,2008-06
2008-06-25,0.8762291666666666,2008-06
2008-06-26,0.7333472222222223,2008-06
2008-06-27,1.2188555555555556,2008-06
2008-06-28,0.8394444444444444,2008-06
2008-06-29,0.5203833333333333,2008-06
2008-06-30,0.5584694444444445,2008-06
2008-07-01,0.8439166666666666,2008-07
2008-07-02,0.7966680555555555,2008-07
2008-07-03,0.7627499999999999,2008-07
2008-07-04,0.6541805555555555,2008-07
2008-07-05,1.0202,2008-07
2008-07-06,1.2535166666666666,2008-07
2008-07-07,0.6829097222222222,2008-07
2008-07-08,0.7820930555555555,2008-07
2008-07-09,0.6384152777777777,2008-07
2008-07-10,0.8689416666666667,2008-07
2008-07-11,0.8709833333333332,2008-07
2008-07-12,0.9228138888888889,2008-07
2008-07-13,0.8718734353268428,2008-07
2008-07-14,0.7902263888888889,2008-07
2008-07-15,0.8026805555555555,2008-07
2008-07-16,0.7479597222222222,2008-07
2008-07-17,0.9160569444444445,2008-07
2008-07-18,0.8761,2008-07
2008-07-19,0.9333430555555555,2008-07
2008-07-20,0.6538430555555556,2008-07
2008-07-21,0.8031097222222223,2008-07
2008-07-22,0.5140569444444444,2008-07
2008-07-23,0.6546041666666667,2008-07
2008-07-24,0.7593402777777778,2008-07
2008-07-25,0.6010652777777777,2008-07
2008-07-26,0.5664472222222222,2008-07
2008-07-27,0.7968027777777777,2008-07
2008-07-28,0.573475,2008-07
2008-07-29,0.8101097222222222,2008-07
2008-07-30,0.9027138888888888,2008-07
2008-07-31,0.9671097222222221,2008-07
2008-08-01,0.5135944444444445,2008-08
2008-08-02,0.35123333333333334,2008-08
2008-08-03,0.35054305555555554,2008-08
2008-08-04,0.7824322446143156,2008-08
2008-08-05,0.5743875,2008-08
2008-08-06,0.22646666666666668,2008-08
2008-08-07,0.23255833333333334,2008-08
2008-08-08,0.2098611111111111,2008-08
2008-08-09,0.24925277777777777,2008-08
2008-08-10,0.24446666666666667,2008-08
2008-08-11,0.258275,2008-08
2008-08-12,0.20068333333333332,2008-08
2008-08-13,0.19623888888888888,2008-08
2008-08-14,0.18767916666666665,2008-08
2008-08-15,0.1900375,2008-08
2008-08-16,0.19084305555555556,2008-08
2008-08-17,0.19083055555555556,2008-08
2008-08-18,0.19010972222222222,2008-08
2008-08-19,0.19075833333333334,2008-08
2008-08-20,0.18643888888888888,2008-08
2008-08-21,0.18145694444444443,2008-08
2008-08-22,0.1855027777777778,2008-08
2008-08-23,0.1768347222222222,2008-08
2008-08-24,0.1768861111111111,2008-08
2008-08-25,0.17381805555555555,2008-08
2008-08-26,0.1788638888888889,2008-08
2008-08-27,0.17924583333333333,2008-08
2008-08-28,0.18628194444444443,2008-08
2008-08-29,0.18582500000000002,2008-08
2008-08-30,0.18779444444444443,2008-08
2008-08-31,1.04281723419041,2008-08
2008-09-01,0.8663263888888889,2008-09
2008-09-02,0.9612180555555555,2008-09
2008-09-03,0.964226388888889,2008-09
2008-09-04,0.8508472222222222,2008-09
2008-09-05,0.6069166666666667,2008-09
2008-09-06,1.2976208333333334,2008-09
2008-09-07,0.9532333333333333,2008-09
2008-09-08,0.9092527777777778,2008-09
2008-09-09,0.8053152777777778,2008-09
2008-09-10,0.9033083333333333,2008-09
2008-09-11,0.7143847222222222,2008-09
2008-09-12,0.9671958333333333,2008-09
2008-09-13,1.1329416666666665,2008-09
2008-09-14,1.0946708333333333,2008-09
2008-09-15,1.178963888888889,2008-09
2008-09-16,0.8485152777777778,2008-09
2008-09-17,1.0550069444444445,2008-09
2008-09-18,1.0453402777777778,2008-09
2008-09-19,1.0547541666666667,2008-09
2008-09-20,0.9059722222222222,2008-09
2008-09-21,1.0646319444444443,2008-09
2008-09-22,0.9434472222222223,2008-09
2008-09-23,0.8561027777777778,2008-09
2008-09-24,1.193298611111111,2008-09
2008-09-25,0.7855694444444444,2008-09
2008-09-26,0.9940625000000001,2008-09
2008-09-27,1.4773930555555554,2008-09
2008-09-28,1.2021555555555556,2008-09
2008-09-29,1.0428736111111112,2008-09
2008-09-30,0.9548652777777779,2008-09
2008-10-01,1.3002527777777777,2008-10
2008-10-02,0.9342652777777778,2008-10
2008-10-03,1.1198472222222222,2008-10
2008-10-04,1.4586777777777777,2008-10
2008-10-05,1.0763541666666667,2008-10
2008-10-06,0.9887374999999999,2008-10
2008-10-07,1.1990055555555554,2008-10
2008-10-08,1.2920666666666667,2008-10
2008-10-09,1.3775569444444444,2008-10
2008-10-10,1.0544013888888888,2008-10
2008-10-11,1.1592958333333334,2008-10
2008-10-12,1.3249583333333335,2008-10
2008-10-13,1.015261111111111,2008-10
2008-10-14,1.1174,2008-10
2008-10-15,1.4978444444444445,2008-10
2008-10-16,1.0997777777777777,2008-10
2008-10-17,1.296448611111111,2008-10
2008-10-18,1.5549930555555556,2008-10
2008-10-19,1.3693986111111112,2008-10
2008-10-20,1.158023611111111,2008-10
2008-10-21,1.433136111111111,2008-10
2008-10-22,1.1430625,2008-10
2008-10-23,1.2711763888888887,2008-10
2008-10-24,1.4814069444444444,2008-10
2008-10-25,1.0903049391553328,2008-10
2008-10-26,0.36353611111111106,2008-10
2008-10-27,0.36381388888888894,2008-10
2008-10-28,0.9217291666666666,2008-10
2008-10-29,1.1198444444444444,2008-10
2008-10-30,0.7629166666666666,2008-10
2008-10-31,0.892938888888889,2008-10
2008-11-01,0.5767347222222222,2008-11
2008-11-02,0.6323708333333333,2008-11
2008-11-03,0.5886111111111111,2008-11
2008-11-04,1.0849416666666667,2008-11
2008-11-05,2.177034722222222,2008-11
2008-11-06,1.1030819444444444,2008-11
2008-11-07,1.1244333333333334,2008-11
2008-11-08,1.2035680555555555,2008-11
2008-11-09,1.7906513888888889,2008-11
2008-11-10,1.4587726638772665,2008-11
2008-11-11,1.7055208333333332,2008-11
2008-11-12,1.5205104311543811,2008-11
2008-11-13,0.8600416666666667,2008-11
2008-11-14,1.1262069444444445,2008-11
2008-11-15,2.105297222222222,2008-11
2008-11-16,1.642661111111111,2008-11
2008-11-17,1.0580805555555555,2008-11
2008-11-18,1.2146180555555555,2008-11
2008-11-19,1.2779430555555555,2008-11
2008-11-20,1.1752333333333334,2008-11
2008-11-21,1.162451388888889,2008-11
2008-11-22,1.18845,2008-11
2008-11-23,2.36645170257123,2008-11
2008-11-24,2.231248611111111,2008-11
2008-11-25,1.8769791666666666,2008-11
2008-11-26,1.0527458333333333,2008-11
2008-11-27,1.6404291666666666,2008-11
2008-11-28,1.3096972222222223,2008-11
2008-11-29,1.6907416666666668,2008-11
2008-11-30,1.6676305555555555,2008-11
2008-12-01,1.1225958333333332,2008-12
2008-12-02,1.2454472222222222,2008-12
2008-12-03,1.218863888888889,2008-12
2008-12-04,1.2073874999999998,2008-12
2008-12-05,1.4295958333333334,2008-12
2008-12-06,1.7526638888888888,2008-12
2008-12-07,1.7130138888888888,2008-12
2008-12-08,1.297663888888889,2008-12
2008-12-09,1.3910722222222223,2008-12
2008-12-10,1.540890510948905,2008-12
2008-12-11,0.9948069444444444,2008-12
2008-12-12,1.2607875,2008-12
2008-12-13,1.2677597222222223,2008-12
2008-12-14,1.390361111111111,2008-12
2008-12-15,1.2468402777777778,2008-12
2008-12-16,1.2479791666666666,2008-12
2008-12-17,1.4574902777777778,2008-12
2008-12-18,1.2062083333333333,2008-12
2008-12-19,1.3070222222222223,2008-12
2008-12-20,1.5583752605976373,2008-12
2008-12-21,1.8358402777777778,2008-12
2008-12-22,1.3998666666666666,2008-12
2008-12-23,1.2486722222222222,2008-12
2008-12-24,0.8816930555555555,2008-12
2008-12-25,0.7368874999999999,2008-12
2008-12-26,0.8498138888888889,2008-12
2008-12-27,2.064002777777778,2008-12
2008-12-28,1.0907236111111112,2008-12
2008-12-29,0.38560972222222223,2008-12
2008-12-30,0.8300263888888889,2008-12
2008-12-31,1.3640194444444445,2008-12
2009-01-01,0.9768694444444445,2009-01
2009-01-02,1.616326388888889,2009-01
2009-01-03,1.3288166666666668,2009-01
2009-01-04,1.3472180555555555,2009-01
2009-01-05,1.113888888888889,2009-01
2009-01-06,1.1735152777777778,2009-01
2009-01-07,1.4446333333333332,2009-01
2009-01-08,1.1342152777777779,2009-01
2009-01-09,1.2421541666666667,2009-01
2009-01-10,1.4603805555555556,2009-01
2009-01-11,1.3722138888888888,2009-01
2009-01-12,1.1036652777777778,2009-01
2009-01-13,1.5156944444444445,2009-01
2009-01-14,1.2343863794301597,2009-01
2009-01-15,1.0861583333333333,2009-01
2009-01-16,1.9212180555555556,2009-01
2009-01-17,2.304041666666667,2009-01
2009-01-18,2.1904125,2009-01
2009-01-19,1.1804625,2009-01
2009-01-20,1.206963888888889,2009-01
2009-01-21,1.2079402777777777,2009-01
2009-01-22,0.859275,2009-01
2009-01-23,1.326761111111111,2009-01
2009-01-24,1.5283125,2009-01
2009-01-25,1.9747666666666668,2009-01
2009-01-26,1.1628277777777778,2009-01
2009-01-27,0.9896041666666666,2009-01
2009-01-28,1.8900930555555555,2009-01
2009-01-29,1.0928458333333333,2009-01
2009-01-30,1.4298875,2009-01
2009-01-31,2.3005916666666666,2009-01
2009-02-01,1.289201141226819,2009-02
2009-02-02,1.1134027777777777,2009-02
2009-02-03,1.2974930555555557,2009-02
2009-02-04,1.708975,2009-02
2009-02-05,1.1452,2009-02
2009-02-06,1.4224972222222223,2009-02
2009-02-07,2.1746777777777777,2009-02
2009-02-08,1.5158791666666667,2009-02
2009-02-09,1.1851652777777777,2009-02
2009-02-10,1.349876388888889,2009-02
2009-02-11,1.8329097222222221,2009-02
2009-02-12,1.3671250000000001,2009-02
2009-02-13,1.173626388888889,2009-02
2009-02-14,1.6221098748261475,2009-02
2009-02-15,1.1014111111111111,2009-02
2009-02-16,0.9159680555555555,2009-02
2009-02-17,0.5520466101694915,2009-02
2009-02-18,0.5739236111111111,2009-02
2009-02-19,0.5119916666666667,2009-02
2009-02-20,1.3060666666666667,2009-02
2009-02-21,0.9140166666666667,2009-02
2009-02-22,1.5544986111111112,2009-02
2009-02-23,1.8983722222222221,2009-02
2009-02-24,1.2382944444444444,2009-02
2009-02-25,0.8123916666666667,2009-02
2009-02-26,0.8033694444444445,2009-02
2009-02-27,1.4089708333333333,2009-02
2009-02-28,1.1324652777777777,2009-02
2009-03-01,1.7148200138985408,2009-03
2009-03-02,1.0260013888888888,2009-03
2009-03-03,1.2839944444444444,2009-03
2009-03-04,1.2792569444444446,2009-03
2009-03-05,1.0012583333333334,2009-03
2009-03-06,1.238523611111111,2009-03
2009-03-07,1.1781013888888887,2009-03
2009-03-08,1.6369208333333334,2009-03
2009-03-09,1.170525,2009-03
2009-03-10,1.2751458333333334,2009-03
2009-03-11,1.6707666666666667,2009-03
2009-03-12,1.3105972222222222,2009-03
2009-03-13,1.0038333333333334,2009-03
2009-03-14,1.4923805555555554,2009-03
2009-03-15,1.3486541666666665,2009-03
2009-03-16,0.9275413481584434,2009-03
2009-03-17,1.3416041666666667,2009-03
2009-03-18,1.0074166666666666,2009-03
2009-03-19,0.8274527777777777,2009-03
2009-03-20,1.016601388888889,2009-03
2009-03-21,1.3402930555555554,2009-03
2009-03-22,1.1730347222222224,2009-03
2009-03-23,0.9003125000000001,2009-03
2009-03-24,1.1539666666666666,2009-03
2009-03-25,1.2769263888888889,2009-03
2009-03-26,0.8409749999999999,2009-03
2009-03-27,1.1902263888888889,2009-03
2009-03-28,1.5701222222222222,2009-03
2009-03-29,1.5393402777777778,2009-03
2009-03-30,1.0260083333333334,2009-03
2009-03-31,1.2663069444444444,2009-03
2009-04-01,1.1396805555555556,2009-04
2009-04-02,1.1418986111111111,2009-04
2009-04-03,0.9467083333333334,2009-04
2009-04-04,1.5216888888888889,2009-04
2009-04-05,0.9553583333333333,2009-04
2009-04-06,1.0087736111111112,2009-04
2009-04-07,1.0000638888888889,2009-04
2009-04-08,1.0656944444444443,2009-04
2009-04-09,1.3128277777777777,2009-04
2009-04-10,1.2792458333333334,2009-04
2009-04-11,1.7100319444444443,2009-04
2009-04-12,1.486813888888889,2009-04
2009-04-13,1.1116995827538247,2009-04
2009-04-14,1.0427347222222223,2009-04
2009-04-15,0.8444875,2009-04
2009-04-16,1.0864749999999999,2009-04
2009-04-17,1.4186180555555554,2009-04
2009-04-18,1.0501847222222223,2009-04
2009-04-19,0.8933805555555556,2009-04
2009-04-20,1.0322986111111112,2009-04
2009-04-21,1.3156930555555555,2009-04
2009-04-22,1.0390263888888889,2009-04
2009-04-23,0.7926805555555556,2009-04
2009-04-24,0.8292,2009-04
2009-04-25,1.404363888888889,2009-04
2009-04-26,1.2372402777777778,2009-04
2009-04-27,0.9386305555555555,2009-04
2009-04-28,1.1849902777777777,2009-04
2009-04-29,1.1560277777777779,2009-04
2009-04-30,1.2741402777777777,2009-04
2009-05-01,1.0505569444444445,2009-05
2009-05-02,0.9679930555555556,2009-05
2009-05-03,1.1172763888888888,2009-05
2009-05-04,1.158251388888889,2009-05
2009-05-05,1.2024124999999999,2009-05
2009-05-06,0.9374319444444444,2009-05
2009-05-07,0.7032277777777778,2009-05
2009-05-08,1.2896916666666667,2009-05
2009-05-09,0.8759388888888889,2009-05
2009-05-10,1.366610145934677,2009-05
2009-05-11,1.0535944444444445,2009-05
2009-05-12,1.1291361111111111,2009-05
2009-05-13,0.8655541666666666,2009-05
2009-05-14,1.115961111111111,2009-05
2009-05-15,0.9876569444444445,2009-05
2009-05-16,1.3940124999999999,2009-05
2009-05-17,1.0720583333333333,2009-05
2009-05-18,0.8402124999999999,2009-05
2009-05-19,1.1231555555555557,2009-05
2009-05-20,0.907751388888889,2009-05
2009-05-21,1.0938541666666668,2009-05
2009-05-22,0.7463930555555556,2009-05
2009-05-23,1.0629152777777777,2009-05
2009-05-24,0.8942958333333334,2009-05
2009-05-25,0.9403444444444444,2009-05
2009-05-26,0.9308796102992345,2009-05
2009-05-27,1.072425,2009-05
2009-05-28,0.8192611111111112,2009-05
2009-05-29,0.8630875,2009-05
2009-05-30,1.1521569444444444,2009-05
2009-05-31,0.6645069444444445,2009-05
2009-06-01,1.0022638888888888,2009-06
2009-06-02,0.7573875,2009-06
2009-06-03,0.9420680555555555,2009-06
2009-06-04,0.7192083333333333,2009-06
2009-06-05,0.8544166666666666,2009-06
2009-06-06,1.0246180555555555,2009-06
2009-06-07,0.8384666666666667,2009-06
2009-06-08,0.8185944444444445,2009-06
2009-06-09,0.9255902777777777,2009-06
2009-06-10,1.1131916666666668,2009-06
2009-06-11,0.9032291666666667,2009-06
2009-06-12,0.7650916666666666,2009-06
2009-06-13,0.4739333333333333,2009-06
2009-06-14,,2009-06
2009-06-15,0.7836629441624365,2009-06
2009-06-16,1.047772222222222,2009-06
2009-06-17,0.6861222222222222,2009-06
2009-06-18,0.8095138888888889,2009-06
2009-06-19,0.7547680555555556,2009-06
2009-06-20,0.7688194444444444,2009-06
2009-06-21,0.5938486111111112,2009-06
2009-06-22,0.7597902777777777,2009-06
2009-06-23,0.7216763888888889,2009-06
2009-06-24,1.0658847222222223,2009-06
2009-06-25,0.5356680555555555,2009-06
2009-06-26,0.8870291666666665,2009-06
2009-06-27,1.1868416666666666,2009-06
2009-06-28,0.7356902777777777,2009-06
2009-06-29,0.7014819444444444,2009-06
2009-06-30,0.8280875,2009-06
2009-07-01,0.8460708333333334,2009-07
2009-07-02,0.8629013888888889,2009-07
2009-07-03,0.6001027777777778,2009-07
2009-07-04,0.8601166666666666,2009-07
2009-07-05,0.9796777777777779,2009-07
2009-07-06,0.6626805555555555,2009-07
2009-07-07,0.7709277777777778,2009-07
2009-07-08,0.8572222222222223,2009-07
2009-07-09,0.587675,2009-07
2009-07-10,0.826683844011142,2009-07
2009-07-11,0.6902555555555555,2009-07
2009-07-12,0.3565819444444444,2009-07
2009-07-13,0.3449625,2009-07
2009-07-14,0.6329374999999999,2009-07
2009-07-15,0.49866249999999995,2009-07
2009-07-16,0.41635694444444443,2009-07
2009-07-17,0.5082,2009-07
2009-07-18,0.6711180555555555,2009-07
2009-07-19,0.8358638888888889,2009-07
2009-07-20,0.4600597222222222,2009-07
2009-07-21,0.5651125,2009-07
2009-07-22,0.5135638888888889,2009-07
2009-07-23,0.7152777777777778,2009-07
2009-07-24,0.39009583333333336,2009-07
2009-07-25,0.3727,2009-07
2009-07-26,0.3770944444444444,2009-07
2009-07-27,0.4781708333333334,2009-07
2009-07-28,0.6269791666666666,2009-07
2009-07-29,0.6263888888888889,2009-07
2009-07-30,0.5502263888888889,2009-07
2009-07-31,0.6776597222222223,2009-07
2009-08-01,0.4909486111111111,2009-08
2009-08-02,0.3400861111111111,2009-08
2009-08-03,0.3474291666666667,2009-08
2009-08-04,0.3533972222222222,2009-08
2009-08-05,0.360175,2009-08
2009-08-06,0.36991111111111113,2009-08
2009-08-07,0.37451111111111113,2009-08
2009-08-08,0.3656055555555555,2009-08
2009-08-09,0.6932180555555556,2009-08
2009-08-10,0.7426097222222222,2009-08
2009-08-11,0.6603847222222222,2009-08
2009-08-12,0.5725250000000001,2009-08
2009-08-13,1.10535883424408,2009-08
2009-08-14,0.5199138888888889,2009-08
2009-08-15,1.0514319444444444,2009-08
2009-08-16,0.8456333333333333,2009-08
2009-08-17,0.5457694444444444,2009-08
2009-08-18,0.7504152777777777,2009-08
2009-08-19,0.6116263888888889,2009-08
2009-08-20,0.5386958333333334,2009-08
2009-08-21,0.8067680555555556,2009-08
2009-08-22,1.0755125,2009-08
2009-08-23,0.7407694444444445,2009-08
2009-08-24,0.8696208333333333,2009-08
2009-08-25,0.6552847222222222,2009-08
2009-08-26,0.7892680555555556,2009-08
2009-08-27,0.5204625,2009-08
2009-08-28,0.7769736111111112,2009-08
2009-08-29,0.9641763888888889,2009-08
2009-08-30,1.1585708333333333,2009-08
2009-08-31,0.8788347222222221,2009-08
2009-09-01,0.6809277777777777,2009-09
2009-09-02,0.8491763888888889,2009-09
2009-09-03,0.8688805555555557,2009-09
2009-09-04,0.7113805555555555,2009-09
2009-09-05,1.0512958333333333,2009-09
2009-09-06,0.8532152777777778,2009-09
2009-09-07,0.8482347222222223,2009-09
2009-09-08,0.7543430555555555,2009-09
2009-09-09,1.056488888888889,2009-09
2009-09-10,0.7724680555555555,2009-09
2009-09-11,0.8431569444444444,2009-09
2009-09-12,1.4335819444444446,2009-09
2009-09-13,1.0912453092425294,2009-09
2009-09-14,1.0936513888888888,2009-09
2009-09-15,1.0116708333333333,2009-09
2009-09-16,1.2105291666666667,2009-09
2009-09-17,0.8496013888888888,2009-09
2009-09-18,0.9541888888888889,2009-09
2009-09-19,1.4831319444444444,2009-09
2009-09-20,1.4134222222222221,2009-09
2009-09-21,0.9846305555555556,2009-09
2009-09-22,0.86565,2009-09
2009-09-23,1.1365347222222222,2009-09
2009-09-24,0.9904569444444444,2009-09
2009-09-25,0.8062611111111112,2009-09
2009-09-26,1.0807319444444443,2009-09
2009-09-27,0.9794944444444444,2009-09
2009-09-28,0.9024,2009-09
2009-09-29,0.7961097222222222,2009-09
2009-09-30,1.232778859527121,2009-09
2009-10-01,0.893925,2009-10
2009-10-02,0.8004638888888889,2009-10
2009-10-03,1.1921805555555556,2009-10
2009-10-04,1.1257680555555556,2009-10
2009-10-05,0.8857791666666667,2009-10
2009-10-06,0.9919777777777778,2009-10
2009-10-07,1.2651625,2009-10
2009-10-08,1.0952541666666666,2009-10
2009-10-09,0.9387930555555556,2009-10
2009-10-10,1.3977472222222223,2009-10
2009-10-11,1.3469659485753998,2009-10
2009-10-12,0.938613888888889,2009-10
2009-10-13,1.0063194444444443,2009-10
2009-10-14,1.18835,2009-10
2009-10-15,1.0347055555555555,2009-10
2009-10-16,1.053375,2009-10
2009-10-17,1.9042222222222223,2009-10
2009-10-18,1.0806694444444445,2009-10
2009-10-19,0.9507694444444444,2009-10
2009-10-20,1.1963944444444445,2009-10
2009-10-21,1.3677125,2009-10
2009-10-22,0.9720208333333333,2009-10
2009-10-23,1.2204513888888888,2009-10
2009-10-24,1.815561111111111,2009-10
2009-10-25,1.6712055555555556,2009-10
2009-10-26,0.7724611111111112,2009-10
2009-10-27,0.775525,2009-10
2009-10-28,0.8810472222222223,2009-10
2009-10-29,1.3760000000000001,2009-10
2009-10-30,1.0370541666666666,2009-10
2009-10-31,1.3027375,2009-10
2009-11-01,1.2799777777777777,2009-11
2009-11-02,1.0446013888888888,2009-11
2009-11-03,1.5740888888888889,2009-11
2009-11-04,1.25125,2009-11
2009-11-05,1.0836569444444444,2009-11
2009-11-06,0.9655902777777778,2009-11
2009-11-07,1.0813722222222222,2009-11
2009-11-08,1.7416680555555555,2009-11
2009-11-09,0.9762001389854065,2009-11
2009-11-10,1.1154055555555555,2009-11
2009-11-11,1.417,2009-11
2009-11-12,1.0160180555555556,2009-11
2009-11-13,1.0645319444444443,2009-11
2009-11-14,1.7780944444444446,2009-11
2009-11-15,1.366186111111111,2009-11
2009-11-16,1.0517138888888888,2009-11
2009-11-17,1.186315277777778,2009-11
2009-11-18,1.8327597222222223,2009-11
2009-11-19,1.0242,2009-11
2009-11-20,1.3618166666666667,2009-11
2009-11-21,1.733927777777778,2009-11
2009-11-22,1.7020666666666668,2009-11
2009-11-23,1.0216125,2009-11
2009-11-24,1.4783722222222224,2009-11
2009-11-25,1.3750902777777778,2009-11
2009-11-26,1.110851388888889,2009-11
2009-11-27,0.9583513888888889,2009-11
2009-11-28,1.2909375,2009-11
2009-11-29,1.1465013888888889,2009-11
2009-11-30,1.2119375000000001,2009-11
2009-12-01,1.2197069444444444,2009-12
2009-12-02,1.6289361111111111,2009-12
2009-12-03,1.0275611111111111,2009-12
2009-12-04,1.1883986111111111,2009-12
2009-12-05,1.6331680555555557,2009-12
2009-12-06,1.651588888888889,2009-12
2009-12-07,1.2101652777777778,2009-12
2009-12-08,1.3936694444444444,2009-12
2009-12-09,1.2516361111111112,2009-12
2009-12-10,1.4285716272600835,2009-12
2009-12-11,1.2392097222222223,2009-12
2009-12-12,1.2613750000000001,2009-12
2009-12-13,1.4852874999999999,2009-12
2009-12-14,1.2464319444444445,2009-12
2009-12-15,1.3473027777777777,2009-12
2009-12-16,0.9686625,2009-12
2009-12-17,1.1924875,2009-12
2009-12-18,1.2116013888888888,2009-12
2009-12-19,1.5307875,2009-12
2009-12-20,0.7945597222222222,2009-12
2009-12-21,1.4131708333333333,2009-12
2009-12-22,1.3111263888888889,2009-12
2009-12-23,1.0105555555555557,2009-12
2009-12-24,2.0179819444444442,2009-12
2009-12-25,1.4775333333333334,2009-12
2009-12-26,1.5164013888888888,2009-12
2009-12-27,1.5246194444444443,2009-12
2009-12-28,1.4542347222222223,2009-12
2009-12-29,1.4222000000000001,2009-12
2009-12-30,1.7021597222222222,2009-12
2009-12-31,1.536036111111111,2009-12
2010-01-01,0.850175,2010-01
2010-01-02,0.9095455177206393,2010-01
2010-01-03,1.4468430555555556,2010-01
2010-01-04,1.1139805555555555,2010-01
2010-01-05,1.541513888888889,2010-01
2010-01-06,1.2341527777777779,2010-01
2010-01-07,1.2287791666666668,2010-01
2010-01-08,1.248061111111111,2010-01
2010-01-09,1.6228472222222223,2010-01
2010-01-10,1.7419902777777776,2010-01
2010-01-11,1.0546416666666667,2010-01
2010-01-12,1.4362127659574468,2010-01
2010-01-13,,2010-01
2010-01-14,2.0754630872483224,2010-01
2010-01-15,1.525527777777778,2010-01
2010-01-16,1.4931333333333334,2010-01
2010-01-17,1.3239972222222223,2010-01
2010-01-18,1.3063180555555556,2010-01
2010-01-19,1.689936111111111,2010-01
2010-01-20,1.6331444444444445,2010-01
2010-01-21,1.484622222222222,2010-01
2010-01-22,1.2434902777777777,2010-01
2010-01-23,1.8127241139680335,2010-01
2010-01-24,1.575986111111111,2010-01
2010-01-25,1.3406319444444443,2010-01
2010-01-26,1.4358083333333331,2010-01
2010-01-27,1.9172930555555556,2010-01
2010-01-28,1.4654402777777777,2010-01
2010-01-29,1.4534652777777777,2010-01
2010-01-30,1.9741166666666667,2010-01
2010-01-31,1.2494416666666666,2010-01
2010-02-01,1.1762347222222223,2010-02
2010-02-02,1.4982166666666665,2010-02
2010-02-03,2.0159819444444445,2010-02
2010-02-04,1.6085208333333334,2010-02
2010-02-05,1.4575638888888887,2010-02
2010-02-06,1.8840180555555555,2010-02
2010-02-07,1.1289638888888889,2010-02
2010-02-08,1.7932208333333333,2010-02
2010-02-09,1.6812027777777776,2010-02
2010-02-10,1.3513148019457957,2010-02
2010-02-11,0.9512277777777778,2010-02
2010-02-12,1.3145819444444444,2010-02
2010-02-13,1.633025,2010-02
2010-02-14,1.1721320361362058,2010-02
2010-02-15,1.4563416666666666,2010-02
2010-02-16,1.2484416666666667,2010-02
2010-02-17,1.4267777777777777,2010-02
2010-02-18,1.223025,2010-02
2010-02-19,1.3566472222222221,2010-02
2010-02-20,1.377588888888889,2010-02
2010-02-21,1.9029958333333332,2010-02
2010-02-22,1.0236361111111112,2010-02
2010-02-23,1.0147777777777778,2010-02
2010-02-24,1.3293597222222222,2010-02
2010-02-25,1.3056972222222223,2010-02
2010-02-26,1.4723305555555555,2010-02
2010-02-27,1.2257333333333333,2010-02
2010-02-28,0.49421250000000005,2010-02
2010-03-01,0.9018944444444444,2010-03
2010-03-02,0.5325736111111111,2010-03
2010-03-03,0.6498847222222222,2010-03
2010-03-04,0.4742222222222222,2010-03
2010-03-05,0.7873097222222223,2010-03
2010-03-06,0.5518833333333333,2010-03
2010-03-07,0.9531055555555555,2010-03
2010-03-08,1.7757625,2010-03
2010-03-09,1.2223000000000002,2010-03
2010-03-10,1.2657166666666666,2010-03
2010-03-11,1.3549236111111111,2010-03
2010-03-12,1.1426555555555555,2010-03
2010-03-13,1.6548680555555555,2010-03
2010-03-14,1.0879958333333333,2010-03
2010-03-15,1.2443402777777777,2010-03
2010-03-16,1.0712847222222224,2010-03
2010-03-17,1.3952291666666665,2010-03
2010-03-18,1.0851958333333334,2010-03
2010-03-19,1.1551277777777778,2010-03
2010-03-20,0.5678103448275862,2010-03
2010-03-21,1.4771046698872787,2010-03
2010-03-22,1.1240208333333332,2010-03
2010-03-23,1.265390277777778,2010-03
2010-03-24,1.3852444444444445,2010-03
2010-03-25,1.166586111111111,2010-03
2010-03-26,1.146725,2010-03
2010-03-27,1.2833125,2010-03
2010-03-28,1.2487597222222222,2010-03
2010-03-29,1.126901388888889,2010-03
2010-03-30,1.3239263888888888,2010-03
2010-03-31,1.3359736111111111,2010-03
2010-04-01,1.1718333333333333,2010-04
2010-04-02,1.1448763888888889,2010-04
2010-04-03,1.2536652777777777,2010-04
2010-04-04,1.1738805555555556,2010-04
2010-04-05,0.7769583333333333,2010-04
2010-04-06,1.267952777777778,2010-04
2010-04-07,1.1090152777777778,2010-04
2010-04-08,1.1452916666666666,2010-04
2010-04-09,0.8564930555555554,2010-04
2010-04-10,0.8265333333333333,2010-04
2010-04-11,1.1138359972202918,2010-04
2010-04-12,0.9996013888888888,2010-04
2010-04-13,1.0504888888888888,2010-04
2010-04-14,1.1530305555555556,2010-04
2010-04-15,1.3001236111111112,2010-04
2010-04-16,1.0847652777777776,2010-04
2010-04-17,1.0817444444444444,2010-04
2010-04-18,1.0250736111111112,2010-04
2010-04-19,1.186523611111111,2010-04
2010-04-20,1.2733527777777778,2010-04
2010-04-21,1.0971625,2010-04
2010-04-22,1.0145166666666667,2010-04
2010-04-23,0.8198166666666667,2010-04
2010-04-24,1.0544569444444443,2010-04
2010-04-25,1.071348611111111,2010-04
2010-04-26,0.751886111111111,2010-04
2010-04-27,0.8687083333333334,2010-04
2010-04-28,0.6026791666666667,2010-04
2010-04-29,0.7664749999999999,2010-04
2010-04-30,0.776825,2010-04
2010-05-01,0.9167763888888888,2010-05
2010-05-02,1.5193819444444443,2010-05
2010-05-03,0.9800708333333332,2010-05
2010-05-04,1.0534444444444444,2010-05
2010-05-05,1.253686111111111,2010-05
2010-05-06,0.9022569444444445,2010-05
2010-05-07,1.1416694444444444,2010-05
2010-05-08,1.0648763888888888,2010-05
2010-05-09,1.0878541666666666,2010-05
2010-05-10,1.0193694444444446,2010-05
2010-05-11,1.0912277777777777,2010-05
2010-05-12,1.4134847222222222,2010-05
2010-05-13,1.0788714384989577,2010-05
2010-05-14,1.1959347222222223,2010-05
2010-05-15,1.3505361111111112,2010-05
2010-05-16,1.4586291666666666,2010-05
2010-05-17,1.1306819444444445,2010-05
2010-05-18,0.9869333333333333,2010-05
2010-05-19,0.9908,2010-05
2010-05-20,0.8013180555555555,2010-05
2010-05-21,0.898886111111111,2010-05
2010-05-22,1.4553972222222222,2010-05
2010-05-23,1.033025,2010-05
2010-05-24,0.9314805555555556,2010-05
2010-05-25,0.8323791666666667,2010-05
2010-05-26,0.9638083333333334,2010-05
2010-05-27,0.9189875000000001,2010-05
2010-05-28,0.9709472222222222,2010-05
2010-05-29,1.4234777777777778,2010-05
2010-05-30,1.1567361111111112,2010-05
2010-05-31,0.9308763888888889,2010-05
2010-06-01,0.8812249999999999,2010-06
2010-06-02,0.6811791666666667,2010-06
2010-06-03,0.9681847222222222,2010-06
2010-06-04,0.9864958333333333,2010-06
2010-06-05,1.3955861111111112,2010-06
2010-06-06,1.21305,2010-06
2010-06-07,0.7028347222222222,2010-06
2010-06-08,0.9458569444444446,2010-06
2010-06-09,1.065751388888889,2010-06
2010-06-10,0.8438819444444445,2010-06
2010-06-11,1.0213,2010-06
2010-06-12,1.371166087560806,2010-06
2010-06-13,1.1627472222222222,2010-06
2010-06-14,0.8458222222222221,2010-06
2010-06-15,0.8499763888888888,2010-06
2010-06-16,1.2278416666666667,2010-06
2010-06-17,0.7139013888888889,2010-06
2010-06-18,0.9252194444444445,2010-06
2010-06-19,0.9834861111111112,2010-06
2010-06-20,1.1614930555555556,2010-06
2010-06-21,1.1533958333333334,2010-06
2010-06-22,1.055963888888889,2010-06
2010-06-23,1.0014333333333334,2010-06
2010-06-24,0.7609583333333333,2010-06
2010-06-25,0.7634986111111112,2010-06
2010-06-26,0.6816805555555555,2010-06
2010-06-27,0.7916416666666666,2010-06
2010-06-28,1.021763888888889,2010-06
2010-06-29,0.9501709520500348,2010-06
2010-06-30,0.9612055555555555,2010-06
2010-07-01,0.9368069444444445,2010-07
2010-07-02,0.7923111111111112,2010-07
2010-07-03,0.7778291666666667,2010-07
2010-07-04,1.0681166666666666,2010-07
2010-07-05,0.7736041666666666,2010-07
2010-07-06,0.6985652777777778,2010-07
2010-07-07,0.5797138888888889,2010-07
2010-07-08,0.8421194444444444,2010-07
2010-07-09,0.7524152777777778,2010-07
2010-07-10,0.8017388888888888,2010-07
2010-07-11,0.8288694444444445,2010-07
2010-07-12,0.7705375000000001,2010-07
2010-07-13,0.9598013888888889,2010-07
2010-07-14,0.9788,2010-07
2010-07-15,1.134928422515636,2010-07
2010-07-16,0.5694833333333333,2010-07
2010-07-17,0.5599666666666666,2010-07
2010-07-18,0.5639152777777778,2010-07
2010-07-19,0.5563597222222222,2010-07
2010-07-20,0.5943222222222222,2010-07
2010-07-21,0.7390041666666666,2010-07
2010-07-22,0.8086430555555555,2010-07
2010-07-23,0.8167763888888888,2010-07
2010-07-24,0.6400472222222222,2010-07
2010-07-25,0.7850069444444445,2010-07
2010-07-26,0.6139930555555555,2010-07
2010-07-27,0.6613611111111111,2010-07
2010-07-28,0.5990652777777777,2010-07
2010-07-29,0.38132222222222223,2010-07
2010-07-30,0.38281944444444443,2010-07
2010-07-31,0.38515,2010-07
2010-08-01,0.38587777777777776,2010-08
2010-08-02,0.38158472222222223,2010-08
2010-08-03,0.42723055555555556,2010-08
2010-08-04,0.37733055555555556,2010-08
2010-08-05,0.37046944444444446,2010-08
2010-08-06,0.36440694444444444,2010-08
2010-08-07,0.36630277777777775,2010-08
2010-08-08,0.3669861111111111,2010-08
2010-08-09,0.3715722222222222,2010-08
2010-08-10,0.3783041666666667,2010-08
2010-08-11,0.3763902777777777,2010-08
2010-08-12,0.3678458333333333,2010-08
2010-08-13,0.37103749999999996,2010-08
2010-08-14,0.3849097222222222,2010-08
2010-08-15,0.7333236111111112,2010-08
2010-08-16,0.7845347222222222,2010-08
2010-08-17,0.775120443740095,2010-08
2010-08-18,,2010-08
2010-08-19,,2010-08
2010-08-20,,2010-08
2010-08-21,,2010-08
2010-08-22,0.6140657894736842,2010-08
2010-08-23,0.5317069444444444,2010-08
2010-08-24,0.5020472222222222,2010-08
2010-08-25,0.6808388888888889,2010-08
2010-08-26,0.5258694444444444,2010-08
2010-08-27,1.4101736111111112,2010-08
2010-08-28,1.0019833333333332,2010-08
2010-08-29,1.1586666666666667,2010-08
2010-08-30,1.0380569444444443,2010-08
2010-08-31,0.9479902777777778,2010-08
2010-09-01,1.1064708333333333,2010-09
2010-09-02,0.9670083333333334,2010-09
2010-09-03,0.9350097222222222,2010-09
2010-09-04,1.2109999999999999,2010-09
2010-09-05,0.9187625,2010-09
2010-09-06,0.9881083333333334,2010-09
2010-09-07,1.0082319444444445,2010-09
2010-09-08,0.9054249999999999,2010-09
2010-09-09,0.8602180555555555,2010-09
2010-09-10,0.9222972222222222,2010-09
2010-09-11,1.0161875,2010-09
2010-09-12,1.1195083333333333,2010-09
2010-09-13,0.7474444444444444,2010-09
2010-09-14,0.993526388888889,2010-09
2010-09-15,0.6847875,2010-09
2010-09-16,0.9303736111111112,2010-09
2010-09-17,1.0400055555555556,2010-09
2010-09-18,0.8666291666666666,2010-09
2010-09-19,0.6386111111111111,2010-09
2010-09-20,1.1686333333333334,2010-09
2010-09-21,0.7717888888888889,2010-09
2010-09-22,1.0488847222222222,2010-09
2010-09-23,1.0068486111111112,2010-09
2010-09-24,0.9222166666666667,2010-09
2010-09-25,0.4491779661016949,2010-09
2010-09-26,,2010-09
2010-09-27,,2010-09
2010-09-28,1.6391149825783973,2010-09
2010-09-29,1.1697402777777777,2010-09
2010-09-30,0.8668597222222222,2010-09
2010-10-01,1.045013888888889,2010-10
2010-10-02,1.3355930555555555,2010-10
2010-10-03,1.2713083333333333,2010-10
2010-10-04,1.2333055555555557,2010-10
2010-10-05,1.2879333333333334,2010-10
2010-10-06,0.913511111111111,2010-10
2010-10-07,1.2569124999999999,2010-10
2010-10-08,1.0489277777777777,2010-10
2010-10-09,1.1192916666666666,2010-10
2010-10-10,1.3881277777777778,2010-10
2010-10-11,1.126798611111111,2010-10
2010-10-12,1.0970083333333334,2010-10
2010-10-13,1.4401986111111111,2010-10
2010-10-14,1.482723611111111,2010-10
2010-10-15,1.1085583333333333,2010-10
2010-10-16,0.6944541666666667,2010-10
2010-10-17,0.7273486111111112,2010-10
2010-10-18,1.8846416666666668,2010-10
2010-10-19,1.3374847222222224,2010-10
2010-10-20,1.199975,2010-10
2010-10-21,0.9411097222222223,2010-10
2010-10-22,1.1589527777777777,2010-10
2010-10-23,1.592525,2010-10
2010-10-24,1.661256428075052,2010-10
2010-10-25,0.8078416666666666,2010-10
2010-10-26,0.6568777777777778,2010-10
2010-10-27,0.8751930555555556,2010-10
2010-10-28,1.0161986111111112,2010-10
2010-10-29,0.8364041666666667,2010-10
2010-10-30,1.4949305555555554,2010-10
2010-10-31,1.025298611111111,2010-10
2010-11-01,0.9605416666666667,2010-11
2010-11-02,0.8271402777777779,2010-11
2010-11-03,0.8981236111111112,2010-11
2010-11-04,1.7744069444444446,2010-11
2010-11-05,1.2056166666666666,2010-11
2010-11-06,1.2537555555555555,2010-11
2010-11-07,1.1623722222222221,2010-11
2010-11-08,1.2677361111111112,2010-11
2010-11-09,1.4042347222222222,2010-11
2010-11-10,1.3517597222222224,2010-11
2010-11-11,1.231661111111111,2010-11
2010-11-12,1.2755708333333333,2010-11
2010-11-13,1.4049819444444445,2010-11
2010-11-14,1.41555,2010-11
2010-11-15,1.2134597222222223,2010-11
2010-11-16,1.0484361111111111,2010-11
2010-11-17,1.0986333333333334,2010-11
2010-11-18,1.1473277777777777,2010-11
2010-11-19,1.0905555555555557,2010-11
2010-11-20,1.525698611111111,2010-11
2010-11-21,0.6256319444444445,2010-11
2010-11-22,1.4177333333333333,2010-11
2010-11-23,1.095511111111111,2010-11
2010-11-24,1.2473944444444445,2010-11
2010-11-25,0.9938638888888889,2010-11
2010-11-26,1.1782296120348377,2010-11
