ds,y,yhat,Season
2007-01-01,1.9090305555555556,1.3799414412661437,Winter
2007-01-02,0.8814138888888889,1.4505263903771284,Winter
2007-01-03,0.7042041666666666,1.4635862770208332,Winter
2007-01-04,2.2634805555555553,1.3619235965817293,Winter
2007-01-05,1.8842805555555555,1.4108818817163153,Winter
2007-01-06,1.047484722222222,1.5965597730327328,Winter
2007-01-07,1.6997361111111111,1.5772094174579676,Winter
2007-01-08,1.5565,1.362452968373025,Winter
2007-01-09,1.2979541666666667,1.4339247415701595,Winter
2007-01-10,1.496388888888889,1.4491293934668088,Winter
2007-01-11,1.5661069444444444,1.3508506196155299,Winter
2007-01-12,1.014788888888889,1.4043719736230589,Winter
2007-01-13,2.2130652777777775,1.5956918532738225,Winter
2007-01-14,2.0902126476719944,1.5829239626976759,Winter
2007-01-15,1.4921375,1.375516973701242,Winter
2007-01-16,1.1711138888888888,1.4549008595660031,Winter
2007-01-17,1.977561111111111,1.478350159459056,Winter
2007-01-18,1.2649041666666667,1.3883985386312199,Winter
2007-01-19,1.0280833333333335,1.4500660907147325,Winter
2007-01-20,2.1762027777777777,1.649081258329343,Winter
2007-01-21,2.366154166666667,1.6432884980866018,Winter
2007-01-22,1.5142319444444445,1.441875223071579,Winter
2007-01-23,1.2344722222222222,1.5260253038837908,Winter
2007-01-24,2.074898611111111,1.5527891970506869,Winter
2007-01-25,1.1085722222222223,1.4645048845722308,Winter
2007-01-26,1.1235916666666665,1.5260309021526874,Winter
2007-01-27,1.4194944444444444,1.7229731806418465,Winter
2007-01-28,2.147466296038916,1.7130966960586933,Winter
2007-01-29,1.37685,1.5055553549013612,Winter
2007-01-30,1.1859708333333334,1.5815473164127987,Winter
2007-01-31,1.6414944444444444,1.598185770161473,Winter
2007-02-01,1.2671944444444445,1.4979193323321582,Winter
2007-02-02,1.15815,1.5457633483848894,Winter
2007-02-03,2.7984180555555556,1.7275238667514463,Winter
2007-02-04,2.4971805555555555,1.7012053478880538,Winter
2007-02-05,1.1425555555555555,1.476235631206824,Winter
2007-02-06,0.8843611111111112,1.5341154815689286,Winter
2007-02-07,1.6166791666666667,1.5322828746950714,Winter
2007-02-08,1.2509819444444443,1.4135263430630103,Winter
2007-02-09,1.1251375000000001,1.443208841183945,Winter
2007-02-10,1.964811111111111,1.6074840747077606,Winter
2007-02-11,2.4800194444444443,1.5646965414171585,Winter
2007-02-12,1.3038958333333333,1.32459898961376,Winter
2007-02-13,0.9823236111111111,1.3689947932264608,Winter
2007-02-14,1.735188888888889,1.3555955708950431,Winter
2007-02-15,1.3787125,1.2274285246380106,Winter
2007-02-16,1.182311111111111,1.2500550934914634,Winter
2007-02-17,1.4423,1.4097829824798824,Winter
2007-02-18,2.6595569444444447,1.3650629072505114,Winter
2007-02-19,1.5184819444444444,1.1257038272926734,Winter
2007-02-20,2.18745,1.1735142076249512,Winter
2007-02-21,1.4394958333333332,1.1661596497019542,Winter
2007-02-22,2.3431696801112656,1.046571353627243,Winter
2007-02-23,0.9121388888888889,1.0801669673025462,Winter
2007-02-24,0.4964736111111111,1.253065818236729,Winter
2007-02-25,0.3484305555555556,1.2234897812954706,Winter
2007-02-26,0.3947805555555556,1.0009834477383797,Winter
2007-02-27,0.35979999999999995,1.0670610110679124,Winter
2007-02-28,0.36164861111111113,1.0790700723303368,Winter
2007-03-01,0.3594194444444444,0.9796066788745081,Spring
2007-03-02,0.35811666666666664,1.0337429980037254,Spring
2007-03-03,0.5688347222222222,1.227249464836858,Spring
2007-03-04,1.4518749999999998,1.2180025029200334,Spring
2007-03-05,1.8474527777777776,1.0152113335727138,Spring
2007-03-06,0.865625,1.10007114900512,Spring
2007-03-07,1.6494486111111113,1.129632723408566,Spring
2007-03-08,1.0917583333333334,1.0462226623741349,Spring
2007-03-09,0.8837583333333334,1.1146755955627141,Spring
2007-03-10,1.7254944444444444,1.3205600743327974,Spring
2007-03-11,2.417108333333333,1.3215892154544928,Spring
2007-03-12,1.3546305555555556,1.126849570363067,Spring
2007-03-13,0.8959333333333334,1.2174554795255348,Spring
2007-03-14,1.2453916666666667,1.250418991280722,Spring
2007-03-15,1.3088986111111112,1.1680695704689508,Spring
2007-03-16,1.1819819444444446,1.2352849450704626,Spring
2007-03-17,1.4083958333333333,1.4377149124761366,Spring
2007-03-18,1.6465597222222221,1.4331892208548673,Spring
2007-03-19,1.4948041666666667,1.2309430914330872,Spring
2007-03-20,1.4487694444444446,1.3122677369846292,Spring
2007-03-21,1.487563888888889,1.3343760582284612,Spring
2007-03-22,1.010401388888889,1.2398178495861754,Spring
2007-03-23,0.9090333333333334,1.293705969668912,Spring
2007-03-24,2.0614097222222223,1.4819354036132386,Spring
2007-03-25,2.318362751911049,1.4625864340793422,Spring
2007-03-26,0.9833902777777779,1.2451455816595205,Spring
2007-03-27,0.7674583333333334,1.3111517565448931,Spring
2007-03-28,1.6207625,1.3180578796824933,Spring
2007-03-29,1.1044486111111111,1.2086423700916586,Spring
2007-03-30,0.9738847222222222,1.2482320067339356,Spring
2007-03-31,2.4371597222222223,1.422918132340204,Spring
2007-04-01,1.9346888888888887,1.3909574434439937,Spring
2007-04-02,1.3616513888888888,1.1619910421464394,Spring
2007-04-03,1.1408472222222221,1.2176997055089662,Spring
2007-04-04,1.4249083333333332,1.2156330655669083,Spring
2007-04-05,1.2806097222222221,1.0986521914135983,Spring
2007-04-06,1.111902777777778,1.132141940896356,Spring
2007-04-07,1.079113888888889,1.3022275712821236,Spring
2007-04-08,1.1172333333333333,1.2671763013048905,Spring
2007-04-09,0.6950833333333333,1.0366174554699656,Spring
2007-04-10,0.5398361111111112,1.0921885880201168,Spring
2007-04-11,0.6163069444444444,1.0913977880859267,Spring
2007-04-12,0.37340694444444444,0.9770364963344547,Spring
2007-04-13,0.3826541666666667,1.0144042680541165,Spring
2007-04-14,0.38490833333333335,1.1895273721291348,Spring
2007-04-15,0.5042805555555555,1.1605623901351836,Spring
2007-04-16,0.6613819444444444,0.9370184113040739,Spring
2007-04-17,0.8498152777777778,1.0004051903931757,Spring
2007-04-18,0.6932263888888889,1.0080974446368436,Spring
2007-04-19,0.7143458333333332,0.9027495997131898,Spring
2007-04-20,0.5712361111111112,0.9495224040390282,Spring
2007-04-21,1.162261111111111,1.1343032895846008,Spring
2007-04-22,1.5511902777777777,1.1151116359881394,Spring
2007-04-23,0.7323375,0.9013225294053535,Spring
2007-04-24,0.716736111111111,0.9743163812374865,Spring
2007-04-25,0.8778902777777778,0.9913445826667082,Spring
2007-04-26,0.8857402777777778,0.894945505526008,Spring
2007-04-27,0.7599527777777778,0.950172269587115,Spring
2007-04-28,1.0827619047619048,1.142814154667065,Spring
2007-04-29,,1.1308028135132828,Spring
2007-04-30,0.73059375,0.923436874561949,Spring
2007-05-01,1.1554569444444445,1.0020322956517045,Spring
2007-05-02,0.6968652777777777,1.023788638664898,Spring
2007-05-03,0.7571097222222223,0.9312055678987747,Spring
2007-05-04,0.6931444444444445,0.9893109829263615,Spring
2007-05-05,1.0854527777777778,1.1838826538493452,Spring
2007-05-06,1.4597944444444444,1.172854503705933,Spring
2007-05-07,1.1414333333333333,0.9655411159266967,Spring
2007-05-08,1.2425638888888888,1.0432878173473275,Spring
2007-05-09,1.1567611111111111,1.063336497675199,Spring
2007-05-10,0.4915861111111111,0.9682414613556534,Spring
2007-05-11,0.6799680555555555,1.0230967187678675,Spring
2007-05-12,1.0010875000000001,1.2137565845710363,Spring
2007-05-13,1.1352347222222223,1.1982407322370903,Spring
2007-05-14,1.0192930555555555,0.9859572918185043,Spring
2007-05-15,0.62805,1.058351355829454,Spring
2007-05-16,1.1756555555555555,1.0727690739033502,Spring
2007-05-17,0.8554277777777778,0.9718716572975149,Spring
2007-05-18,1.1330069444444444,1.0208607304435238,Spring
2007-05-19,0.9926680555555556,1.2057363046733287,Spring
2007-05-20,1.3668944444444444,1.1845817003588175,Spring
2007-05-21,0.7778208333333333,0.9669027703202536,Spring
2007-05-22,0.7867027777777779,1.0342351101684142,Spring
2007-05-23,1.0173166666666666,1.0440063434713338,Spring
2007-05-24,0.8016583333333333,0.9389484756386551,Spring
2007-05-25,1.1209861111111112,0.9843217973284906,Spring
2007-05-26,1.0501722222222223,1.1661322807928338,Spring
2007-05-27,1.4957,1.1425336935423358,Spring
2007-05-28,1.1371305555555555,0.9230480893087613,Spring
2007-05-29,0.7370416666666666,0.9892121095242484,Spring
2007-05-30,1.1179625,0.9984393375317884,Spring
2007-05-31,0.6517708333333333,0.8934330792533459,Spring
2007-06-01,0.7261417651146629,0.9394110493297227,Summer
2007-06-02,1.0308069444444445,1.122323894765296,Summer
2007-06-03,1.4639069444444444,1.100258759384898,Summer
2007-06-04,0.6330680555555556,0.8826615185878867,Summer
2007-06-05,1.0131194444444445,0.9509850781904184,Summer
2007-06-06,1.176954829742877,0.9625539320612051,Summer
2007-06-07,0.6840291666666667,0.8599792977512604,Summer
2007-06-08,1.491698611111111,0.9083862489621182,Summer
2007-06-09,0.7559300998573467,1.0936347126089725,Summer
2007-06-10,0.9311194444444444,1.0737254671710965,Summer
2007-06-11,0.5518430555555556,0.8580247046986421,Summer
2007-06-12,0.6380319444444444,0.9279144846138377,Summer
2007-06-13,0.643938888888889,0.9406592117711827,Summer
2007-06-14,0.8743638888888889,0.8388224010502762,Summer
2007-06-15,0.687225,0.8874950975354817,Summer
2007-06-16,1.4012236111111112,1.0725177790230327,Summer
2007-06-17,1.3521458333333334,1.0518868467324196,Summer
2007-06-18,0.47116250000000004,0.8349792471209665,Summer
2007-06-19,0.5857858136300418,0.903202545712899,Summer
2007-06-20,0.7460319444444445,0.9138605908303886,Summer
2007-06-21,0.5603791666666667,0.8095690478333013,Summer
2007-06-22,0.3932597222222222,0.8554822037968028,Summer
2007-06-23,0.33164305555555557,1.0375129122389894,Summer
2007-06-24,0.49628888888888884,1.0137368375776807,Summer
2007-06-25,0.7445847222222223,0.7936146056391222,Summer
2007-06-26,0.6561861111111111,0.8586392524344628,Summer
2007-06-27,1.0283513888888889,0.8661991863808586,Summer
2007-06-28,0.8996097222222222,0.7589910256149093,Summer
2007-06-29,0.906322446143155,0.802243792803515,Summer
2007-06-30,0.9273013888888889,0.9819364185158973,Summer
2007-07-01,0.7129611111111112,0.9561997908118165,Summer
2007-07-02,0.67155,0.7345370294322651,Summer
2007-07-03,0.73605,0.798469520861052,Summer
2007-07-04,0.6968125,0.805398582068027,Summer
2007-07-05,0.7342291666666666,0.6980179578883662,Summer
2007-07-06,0.7427250000000001,0.7415378603477596,Summer
2007-07-07,0.943198611111111,0.9219029149175674,Summer
2007-07-08,0.7563055555555555,0.8971951686597782,Summer
2007-07-09,0.8195541666666666,0.6768558203396094,Summer
2007-07-10,0.6307805555555556,0.7423330947114629,Summer
2007-07-11,0.5016333333333333,0.7509464809256621,Summer
2007-07-12,0.7427652777777779,0.6453016755431504,Summer
2007-07-13,0.5516541666666667,0.6905176655364204,Summer
2007-07-14,0.8945625,0.8724478302536421,Summer
2007-07-15,0.700018320610687,0.8490862044675676,Summer
2007-07-16,0.5928291666666666,0.6297924642320079,Summer
2007-07-17,0.49974444444444444,0.6959429568550222,Summer
2007-07-18,0.5257513888888888,0.7047978944724641,Summer
2007-07-19,0.47075416666666664,0.59891895467914,Summer
2007-07-20,0.771126388888889,0.6433986329624162,Summer
2007-07-21,0.7362833333333334,0.8240831445422964,Summer
2007-07-22,0.9560625434329396,0.7989799482456532,Summer
2007-07-23,0.6882069444444444,0.577483398866934,Summer
2007-07-24,0.5731138888888889,0.6410258102687312,Summer
2007-07-25,0.32816666666666666,0.646944027378076,Summer
2007-07-26,0.6420138888888889,0.5378957480076281,Summer
2007-07-27,0.8350791666666666,0.5790869560405677,Summer
2007-07-28,1.1262930555555557,0.7564922996544325,Summer
2007-07-29,0.2229972222222222,0.7282595419915125,Summer
2007-07-30,0.3241777777777778,0.503931663030632,Summer
2007-07-31,0.5641194444444444,0.5650939830875213,Summer
2007-08-01,0.7472431289640592,0.5692365079267608,Summer
2007-08-02,0.7079277777777778,0.45916584928661575,Summer
2007-08-03,0.7384472222222223,0.5002282032729232,Summer
2007-08-04,0.7951319444444445,0.6785253459375357,Summer
2007-08-05,0.5465958333333333,0.6523149003441946,Summer
2007-08-06,0.75675,0.4312285783825389,Summer
2007-08-07,1.0302638888888889,0.4969158862823291,Summer
2007-08-08,0.7815847222222222,0.5069036028219247,Summer
2007-08-09,0.7442222222222222,0.40400548022065863,Summer
2007-08-10,0.7138958333333333,0.45354373051131636,Summer
2007-08-11,0.7580902777777778,0.6415643185993656,Summer
2007-08-12,0.8624333333333334,0.6262373575628235,Summer
2007-08-13,0.8007027777777778,0.4170763285209145,Summer
2007-08-14,0.6536041666666667,0.49558360983503114,Summer
2007-08-15,0.8276805555555555,0.5191125968897519,Summer
2007-08-16,0.6656222222222222,0.43028081138723007,Summer
2007-08-17,0.7013138888888888,0.4941954896542844,Summer
2007-08-18,0.24163888888888888,0.6966735766809848,Summer
2007-08-19,0.9877041666666667,0.6956473096002715,Summer
2007-08-20,0.929751388888889,0.5003889838479589,Summer
2007-08-21,0.44621944444444445,0.5921622463531877,Summer
2007-08-22,0.8401444444444445,0.6280900473768732,Summer
2007-08-23,0.7724388888888888,0.5505734955633278,Summer
2007-08-24,1.1509478804725504,0.6245229506671355,Summer
2007-08-25,0.7992222222222223,0.8355831297455406,Summer
2007-08-26,0.9131291666666667,0.8415432663722069,Summer
2007-08-27,0.8414791666666667,0.6515657854493517,Summer
2007-08-28,0.6923638888888889,0.7468407220022355,Summer
2007-08-29,0.5194388888888889,0.7844559192809264,Summer
2007-08-30,0.8350402777777778,0.7068171765990727,Summer
2007-08-31,0.8887652777777777,0.7788796318037869,Summer
2007-09-01,1.1815875,0.9863721309448155,Fall
2007-09-02,1.1544916666666667,0.987205628828331,Fall
2007-09-03,0.7214736111111111,0.7906991148411384,Fall
2007-09-04,1.1006555555555555,0.8782303514032943,Fall
2007-09-05,0.8587305555555554,0.9071015453480782,Fall
2007-09-06,0.6260236111111112,0.8199542316224815,Fall
2007-09-07,0.9281222222222223,0.8819947845462073,Fall
2007-09-08,1.020661111111111,1.0792124576416189,Fall
2007-09-09,1.1663208333333333,1.0697811584490298,Fall
2007-09-10,0.7759555555555555,0.8632786254927935,Fall
2007-09-11,0.6830361111111111,0.9413304729926639,Fall
2007-09-12,0.8942805555555555,0.9614694025463624,Fall
2007-09-13,0.7960986111111111,0.8665440359047485,Fall
2007-09-14,0.7885208333333333,0.9219389498426848,Fall
2007-09-15,0.7606333333333333,1.1137879662892778,Fall
2007-09-16,1.1473777777777778,1.1003720384110167,Fall
2007-09-17,1.0147125,0.8913355123392271,Fall
2007-09-18,0.8107777777777778,0.9683283176477145,Fall
2007-09-19,0.9018638888888889,0.9888644456168952,Fall
2007-09-20,0.8718972222222222,0.8957311996399108,Fall
2007-09-21,0.8602638888888888,0.9542107982629056,Fall
2007-09-22,0.8167861111111111,1.1502963524994603,Fall
2007-09-23,0.9847013888888889,1.1420934960975,Fall
2007-09-24,0.9406458333333333,0.9390413573434194,Fall
2007-09-25,1.2252375,1.022560307478287,Fall
2007-09-26,1.267221140472879,1.0499167027726795,Fall
2007-09-27,0.9670833333333333,0.9636389422741863,Fall
2007-09-28,1.1670125,1.0287462432386283,Fall
2007-09-29,1.5948069444444444,1.2309719659626663,Fall
2007-09-30,1.0529791666666666,1.2281725703509616,Fall
2007-10-01,1.1950847222222223,1.0295556953086744,Fall
2007-10-02,1.526988888888889,1.1163346027091134,Fall
2007-10-03,0.8892041666666667,1.1455990191048695,Fall
2007-10-04,1.0544847222222222,1.0597365277518105,Fall
2007-10-05,0.9681194444444445,1.1236657627466922,Fall
2007-10-06,1.2196111111111112,1.3230631101008063,Fall
2007-10-07,1.4625791666666668,1.3157738981915459,Fall
2007-10-08,0.7605847222222222,1.1110414986453283,Fall
2007-10-09,1.172123611111111,1.1901615413581303,Fall
2007-10-10,0.8103972222222222,1.2103512719671439,Fall
2007-10-11,1.2030874999999999,1.1141682331510512,Fall
2007-10-12,1.3295166666666667,1.166739583323143,Fall
2007-10-13,1.3380055555555557,1.3539838509697795,Fall
2007-10-14,1.431425,1.3340162297726352,Fall
2007-10-15,0.8793958333333333,1.116370984441781,Fall
2007-10-16,1.3641958333333333,1.1826483421948362,Fall
2007-10-17,1.0950902777777778,1.190376087284992,Fall
2007-10-18,1.054534722222222,1.0824202419623317,Fall
2007-10-19,1.4483666666666668,1.1242063569946195,Fall
2007-10-20,1.1529486111111111,1.301933421554205,Fall
2007-10-21,1.3485694444444445,1.2739717054856579,Fall
2007-10-22,1.1478444444444444,1.0500783025270881,Fall
2007-10-23,1.3592823365785813,1.11203793343117,Fall
2007-10-24,1.2955805555555555,1.1175193908366992,Fall
2007-10-25,1.2874430555555554,1.0094821496364645,Fall
2007-10-26,0.9983111111111111,1.0533947784235818,Fall
2007-10-27,1.2400611111111113,1.2354472432535257,Fall
2007-10-28,0.3556652777777778,1.2139484648762033,Fall
2007-10-29,0.37876944444444444,0.9985429114367963,Fall
2007-10-30,0.5632,1.0708537638785585,Fall
2007-10-31,0.8911180555555556,1.088342979498496,Fall
2007-11-01,0.3445944444444444,0.9937226877338893,Fall
2007-11-02,1.002501388888889,1.052179433164629,Fall
2007-11-03,0.3420486111111111,1.249593208551861,Fall
2007-11-04,1.0317263888888888,1.2439424667742507,Fall
2007-11-05,1.0420777777777779,1.0445287020081702,Fall
2007-11-06,1.4460958333333334,1.1326279314903285,Fall
2007-11-07,1.2810819444444446,1.1653591885967798,Fall
2007-11-08,1.0424027777777778,1.085104243546561,Fall
2007-11-09,1.5077958333333334,1.156739851627272,Fall
2007-11-10,1.813611111111111,1.3658642651434394,Fall
2007-11-11,1.3105027777777778,1.370209005250653,Fall
2007-11-12,1.4973236111111112,1.178869310419613,Fall
2007-11-13,1.537776388888889,1.2729604429305974,Fall
2007-11-14,1.4222180555555555,1.3094898418845888,Fall
2007-11-15,1.0361027777777778,1.2307792476644146,Fall
2007-11-16,1.6039958333333333,1.3016980397081397,Fall
2007-11-17,1.8125652777777779,1.5078895003855999,Fall
2007-11-18,1.5165680555555556,1.5071810134598378,Fall
2007-11-19,1.1969819444444445,1.3088116606605102,Fall
2007-11-20,1.4554555555555557,1.3940844785397244,Fall
2007-11-21,1.217398193189715,1.420233476104757,Fall
2007-11-22,1.3419291666666666,1.3298396784858677,Fall
2007-11-23,1.7518180555555556,1.388057603267653,Fall
2007-11-24,1.3187875,1.5808340671433962,Fall
2007-11-25,0.9691652777777777,1.56631053083498,Fall
2007-11-26,1.0900805555555555,1.3540426552646558,Fall
2007-11-27,1.9451472222222224,1.4256445441360905,Fall
2007-11-28,1.1423194444444444,1.4386479846622044,Fall
2007-11-29,1.194739402362752,1.3359111553766825,Fall
2007-11-30,1.6192555555555557,1.3828383983183365,Fall
2007-12-01,2.1770430555555556,1.5655931258197782,Winter
2007-12-02,2.045963888888889,1.5424952197237316,Winter
2007-12-03,1.2236527777777777,1.3232367192973462,Winter
2007-12-04,1.4358583333333332,1.3895233664127955,Winter
2007-12-05,1.4952222222222222,1.3989323809493155,Winter
2007-12-06,1.7277319444444446,1.2943209628267796,Winter
2007-12-07,1.2284833333333334,1.341047111125371,Winter
2007-12-08,1.5370861111111112,1.5251847897477089,Winter
2007-12-09,1.5795722222222222,1.504924723987069,Winter
2007-12-10,1.2213569444444443,1.289794520322565,Winter
2007-12-11,1.6007666666666664,1.361305546538516,Winter
2007-12-12,1.1028208333333334,1.376816789877457,Winter
2007-12-13,1.2831569444444446,1.2789500149645532,Winter
2007-12-14,1.3713944444444444,1.3328176227533626,Winter
2007-12-15,1.9006083333333335,1.5242450414475894,Winter
2007-12-16,1.9182069444444443,1.511178731474038,Winter
2007-12-17,1.2488297428769979,1.302913296292033,Winter
2007-12-18,1.8216625,1.3807449428719818,Winter
2007-12-19,1.5250361111111113,1.4018413288324274,Winter
2007-12-20,1.353998611111111,1.308661954677522,Winter
2007-12-21,1.3767888888888888,1.3661903609667456,Winter
2007-12-22,1.8133777777777778,1.5601598455814507,Winter
2007-12-23,1.67295,1.5484636961065341,Winter
2007-12-24,1.56795,1.340383373025681,Winter
2007-12-25,1.8715055555555555,1.4172418639048308,Winter
2007-12-26,1.7918611111111113,1.4362722547849693,Winter
2007-12-27,1.7584708333333332,1.3400357190172216,Winter
2007-12-28,2.1618416666666667,1.3936502563935633,Winter
2007-12-29,2.290941666666667,1.5830119999017627,Winter
2007-12-30,1.777025,1.5662002134629,Winter
2007-12-31,1.5392652777777778,1.3526995675075206,Winter
2008-01-01,1.916484722222222,1.4240470807651517,Winter
2008-01-02,1.1417402777777779,1.437693959493013,Winter
2008-01-03,1.048686111111111,1.3364167237136761,Winter
2008-01-04,1.5915638888888888,1.385539149065748,Winter
2008-01-05,1.5161444444444445,1.5711470339972726,Winter
2008-01-06,1.2674888888888889,1.5514871008925533,Winter
2008-01-07,1.177648611111111,1.3361837905775484,Winter
2008-01-08,1.4191319444444443,1.4068814952976398,Winter
2008-01-09,1.2419722222222223,1.4211025936215274,Winter
2008-01-10,1.3153305555555557,1.3216557882906486,Winter
2008-01-11,1.1845958333333333,1.3738563560488102,Winter
2008-01-12,1.9940333333333333,1.5637403708109265,Winter
2008-01-13,2.0025406532314105,1.5494642288239797,Winter
2008-01-14,1.4062027777777777,1.3405232234551685,Winter
2008-01-15,1.865911111111111,1.4183966714637526,Winter
2008-01-16,1.4832305555555554,1.4404098806992316,Winter
2008-01-17,1.0918625,1.3491473586156977,Winter
2008-01-18,1.5187416666666667,1.4096787435845055,Winter
2008-01-19,1.3752125,1.607779371431103,Winter
2008-01-20,1.208588888888889,1.6013366390425439,Winter
2008-01-21,1.2909708333333334,1.3995757325213811,Winter
2008-01-22,1.6145958333333335,1.4837120330516964,Winter
2008-01-23,1.3071583333333334,1.5108202982667678,Winter
2008-01-24,1.142376388888889,1.423254827977703,Winter
2008-01-25,1.5554555555555558,1.4858819123888813,Winter
2008-01-26,1.9687416666666666,1.6843063028822105,Winter
2008-01-27,1.6540041666666667,1.6762827108673912,Winter
2008-01-28,1.6029138888888887,1.4709457658881584,Winter
2008-01-29,1.85835,1.5494656333968124,Winter
2008-01-30,1.1393375,1.56891930363795,Winter
2008-01-31,1.3568902777777778,1.4717117026533026,Winter
2008-02-01,1.0657305555555556,1.5228078955926718,Winter
2008-02-02,2.040329395413482,1.7079581248986648,Winter
2008-02-03,1.4476166666666668,1.6851067215885491,Winter
2008-02-04,1.130651388888889,1.4636183827227747,Winter
2008-02-05,1.7169833333333335,1.524929104795794,Winter
2008-02-06,1.1594027777777778,1.5264118987366666,Winter
2008-02-07,1.0543819444444444,1.4107915736156489,Winter
2008-02-08,1.3545583333333333,1.4433700135012646,Winter
2008-02-09,1.4599138888888887,1.6102438584088106,Winter
2008-02-10,1.5171625,1.5697058056477984,Winter
2008-02-11,1.1750111111111112,1.3314632078264796,Winter
2008-02-12,1.3804152777777778,1.3772814408848966,Winter
2008-02-13,1.319790277777778,1.3648423472252071,Winter
2008-02-14,1.1143208333333334,1.2371522117783662,Winter
2008-02-15,1.3925055555555557,1.2597608533495879,Winter
2008-02-16,1.6298249999999999,1.418973883228096,Winter
2008-02-17,1.3426166666666666,1.3732494689652057,Winter
2008-02-18,1.0516694444444445,1.132413377759369,Winter
2008-02-19,1.477025,1.178299846659881,Winter
2008-02-20,1.5651319444444445,1.1686086320037818,Winter
2008-02-21,1.1346180555555554,1.0463127162176307,Winter
2008-02-22,1.2031694444444445,1.0768782474653,Winter
2008-02-23,1.2753616133518777,1.2464787309816405,Winter
2008-02-24,0.8770888888888889,1.2133947511243934,Winter
2008-02-25,0.35033888888888887,0.9872329171418105,Winter
2008-02-26,0.3521666666666667,1.049571477068501,Winter
2008-02-27,0.39355555555555555,1.057822831724913,Winter
2008-02-28,0.35359999999999997,0.9546472919077766,Winter
2008-02-29,0.9259361111111111,1.005179508332293,Winter
2008-03-01,0.7929694444444444,1.1952494401204106,Spring
2008-03-02,0.8071013888888889,1.1827889846579198,Spring
2008-03-03,0.7226041666666666,0.9770578062921634,Spring
2008-03-04,1.1590208333333334,1.059295657253254,Spring
2008-03-05,1.4147277777777778,1.0865912797419106,Spring
2008-03-06,1.7383388888888889,1.0013021005555278,Spring
2008-03-07,1.2937194444444444,1.068286030224541,Spring
2008-03-08,1.5615694444444443,1.2731271314709798,Spring
2008-03-09,1.083651388888889,1.2735461973302047,Spring
2008-03-10,1.1240875,1.0786297138670946,Spring
2008-03-11,1.5278069444444444,1.1694844590728577,Spring
2008-03-12,1.2321055555555556,1.2031078061740779,Spring
2008-03-13,1.1635513888888889,1.1218079428010912,Spring
2008-03-14,1.5348749999999998,1.1904353380970398,Spring
2008-03-15,1.0946527777777777,1.3946072614540266,Spring
2008-03-16,1.2513611111111111,1.3921164491628675,Spring
2008-03-17,1.1853597222222223,1.1921574648614728,Spring
2008-03-18,1.3316430555555556,1.2759780889576149,Spring
2008-03-19,0.9086444444444445,1.3007458989040606,Spring
2008-03-20,0.8703291666666667,1.208964352716024,Spring
2008-03-21,1.4350291666666666,1.2656998132630308,Spring
2008-03-22,1.4260527777777778,1.4568014241738316,Spring
2008-03-23,1.6152708333333332,1.4403050397939097,Spring
2008-03-24,1.3722501737317583,1.2256548576859914,Spring
2008-03-25,1.3999,1.2943501855843542,Spring
2008-03-26,1.1343555555555556,1.3038075934961937,Spring
2008-03-27,0.9519597222222222,1.196772842505339,Spring
2008-03-28,1.3093222222222223,1.238544095965995,Spring
2008-03-29,1.716076388888889,1.4151883800544436,Spring
2008-03-30,1.4905499999999998,1.3849425396170016,Spring
2008-03-31,0.9566458333333333,1.157432368433352,Spring
2008-04-01,1.4785083333333335,1.2143173637785423,Spring
2008-04-02,1.1747722222222223,1.2131513614837224,Spring
2008-04-03,0.7838583333333334,1.096793437388174,Spring
2008-04-04,1.1332763888888888,1.1306305645601464,Spring
2008-04-05,1.3685847222222223,1.3007939679103606,Spring
2008-04-06,1.1779986111111111,1.2655603890612492,Spring
2008-04-07,1.0686375,1.034571901393722,Spring
2008-04-08,1.8454972222222223,1.0894816813246737,Spring
2008-04-09,0.8464250000000001,1.0878159454853695,Spring
2008-04-10,1.0262125,0.9723863914844418,Spring
2008-04-11,1.3039333333333334,1.0085145837507026,Spring
2008-04-12,1.9444541666666668,1.1822501795073488,Spring
2008-04-13,1.5506847222222222,1.1517741637431516,Spring
2008-04-14,1.1038763888888887,0.9266206926017714,Spring
2008-04-15,1.1600041666666667,0.9883249149493931,Spring
2008-04-16,1.0340722222222223,0.9942869502228814,Spring
2008-04-17,0.9693486111111111,0.8871863336209008,Spring
2008-04-18,1.293326388888889,0.9322083485307527,Spring
2008-04-19,1.565076388888889,1.1152641244547958,Spring
2008-04-20,1.2440402777777777,1.094395657007599,Spring
2008-04-21,0.8084416666666666,0.8789993410369993,Spring
2008-04-22,1.1303305555555556,0.9504753816239766,Spring
2008-04-23,0.9425888888888889,0.9660932586181039,Spring
2008-04-24,0.7248416666666666,0.8684075551957258,Spring
2008-04-25,0.8803708333333333,0.9224855707829238,Spring
2008-04-26,0.6271986111111112,1.1141285974024866,Spring
2008-04-27,0.7001666666666667,1.101278016413162,Spring
2008-04-28,0.457675,0.8932398061871207,Spring
2008-04-29,1.3698722222222222,0.971334823547917,Spring
2008-04-30,0.7650874999999999,0.9927650310008269,Spring
2008-05-01,0.40000972222222225,0.9000299747788681,Spring
2008-05-02,1.0401166666666666,0.9581549267335223,Spring
2008-05-03,0.8955555555555554,1.152912560183275,Spring
2008-05-04,1.0215069444444445,1.1422293064364832,Spring
2008-05-05,0.9492583333333333,0.9354099714649529,Spring
2008-05-06,1.2430416666666666,1.0137879642664553,Spring
2008-05-07,0.81685,1.0345912981730652,Spring
2008-05-08,1.4699291666666665,0.9403586605797428,Spring
2008-05-09,1.2133833333333333,0.9961669566559757,Spring
2008-05-10,1.3257833333333333,1.187852192482218,Spring
2008-05-11,1.1186944444444444,1.1734148432585512,Spring
2008-05-12,1.058475,0.9622432891807808,Spring
2008-05-13,1.0256208333333334,1.035762678433941,Spring
2008-05-14,1.1001819444444445,1.0512993915845832,Spring
2008-05-15,0.8074777777777778,0.9514954214607714,Spring
2008-05-16,1.14605702364395,1.0015340969357003,Spring
2008-05-17,1.1510097222222222,1.1873590469478428,Spring
2008-05-18,1.2527486111111112,1.1670775823629143,Spring
2008-05-19,0.7154597222222222,0.9501821172765246,Spring
2008-05-20,1.0981486111111112,1.0181970305018913,Spring
2008-05-21,0.9195222222222222,1.0285411854798008,Spring
2008-05-22,0.6783805555555555,0.923940467789878,Spring
2008-05-23,1.0311916666666667,0.9696518149852853,Spring
2008-05-24,1.0973444444444445,1.151680677338284,Spring
2008-05-25,1.4225722222222221,1.1281831304933205,Spring
2008-05-26,0.8956319444444445,0.9086862982217709,Spring
2008-05-27,1.1865972222222223,0.9747345184704951,Spring
2008-05-28,0.7738694444444445,0.9837514966807289,Spring
2008-05-29,0.7882472222222222,0.8784528237245346,Spring
2008-05-30,0.9703083333333333,0.9240703428853679,Spring
2008-05-31,1.1399097222222223,1.1065703050404374,Spring
2008-06-01,1.2839416666666668,1.08405652406869,Summer
2008-06-02,0.7458416666666666,0.8659921720223045,Summer
2008-06-03,1.1095944444444445,0.9338476190767446,Summer
2008-06-04,1.1034111111111111,0.9449645249739369,Summer
2008-06-05,0.7778319444444445,0.8419705137280852,Summer
2008-06-06,0.8456347222222221,0.8900058631288268,Summer
2008-06-07,1.3072805555555556,1.07494408930413,Summer
2008-06-08,1.0710569444444444,1.0547975749606433,Summer
2008-06-09,0.9206236111111111,0.8389418146331424,Summer
2008-06-10,0.7410347222222222,0.9087656147935455,Summer
2008-06-11,0.7800041666666666,0.9215373893302483,Summer
2008-06-12,0.8745361111111112,0.8198218188859783,Summer
2008-06-13,1.3024878387769283,0.868708247165765,Summer
2008-06-14,0.9617500000000001,1.0540326427397158,Summer
2008-06-15,1.5896541666666666,1.0337842316026933,Summer
2008-06-16,0.9048916666666668,0.817330340340517,Summer
2008-06-17,0.7951972222222222,0.8860667653549686,Summer
2008-06-18,1.3150055555555555,0.8972837983023003,Summer
2008-06-19,1.1028347222222221,0.7935821784785209,Summer
2008-06-20,1.1639611111111112,0.8401003603678014,Summer
2008-06-21,1.2043430555555554,1.0227349526657623,Summer
2008-06-22,1.087788888888889,0.999545473987682,Summer
2008-06-23,0.8693027777777778,0.7799770163088089,Summer
2008-06-24,1.2183694444444444,0.8455081927309525,Summer
2008-06-25,0.8762291666666666,0.8535145692623028,Summer
2008-06-26,0.7333472222222223,0.7466819273147677,Summer
2008-06-27,1.2188555555555556,0.7902308254638438,Summer
2008-06-28,0.8394444444444444,0.9701343991193063,Summer
2008-06-29,0.5203833333333333,0.9445206333177418,Summer
2008-06-30,0.5584694444444445,0.7228927384871751,Summer
2008-07-01,0.8439166666666666,0.7867751600696159,Summer
2008-07-02,0.7966680555555555,0.7935754072817904,Summer
2008-07-03,0.7627499999999999,0.6859961443179936,Summer
2008-07-04,0.6541805555555555,0.7292590490956898,Summer
2008-07-05,1.0202,0.9093224095181098,Summer
2008-07-06,1.2535166666666666,0.8842837011736822,Summer
2008-07-07,0.6829097222222222,0.663600817994198,Summer
2008-07-08,0.7820930555555555,0.7287393918778525,Summer
2008-07-09,0.6384152777777777,0.7370364370505695,Summer
2008-07-10,0.8689416666666667,0.6311146770475204,Summer
2008-07-11,0.8709833333333332,0.6761090081996812,Summer
2008-07-12,0.9228138888888889,0.8578869976761602,Summer
2008-07-13,0.8718734353268428,0.8344545772867318,Summer
2008-07-14,0.7902263888888889,0.6151805133081729,Summer
2008-07-15,0.8026805555555555,0.6814469910470317,Summer
2008-07-16,0.7479597222222222,0.6905164493924615,Summer
2008-07-17,0.9160569444444445,0.5849489223737694,Summer
2008-07-18,0.8761,0.6298312434499946,Summer
2008-07-19,0.9333430555555555,0.8109999180653638,Summer
2008-07-20,0.6538430555555556,0.7864487417431629,Summer
2008-07-21,0.8031097222222223,0.5655546712686745,Summer
2008-07-22,0.5140569444444444,0.6297292286659608,Summer
2008-07-23,0.6546041666666667,0.6362855299325656,Summer
2008-07-24,0.7593402777777778,0.5278551696831787,Summer
2008-07-25,0.6010652777777777,0.5696163101193151,Summer
2008-07-26,0.5664472222222222,0.7475147918136187,Summer
2008-07-27,0.7968027777777777,0.7196693748566096,Summer
2008-07-28,0.573475,0.4955946681155904,Summer
2008-07-29,0.8101097222222222,0.5568490943636943,Summer
2008-07-30,0.9027138888888888,0.5608980676368458,Summer
2008-07-31,0.9671097222222221,0.4505267126152205,Summer
2008-08-01,0.5135944444444445,0.4910635848238447,Summer
2008-08-02,0.35123333333333334,0.6685973283466848,Summer
2008-08-03,0.35054305555555554,0.6413775043828085,Summer
2008-08-04,0.7824322446143156,0.4190332753119047,Summer
2008-08-05,0.5743875,0.483217417473803,Summer
2008-08-06,0.22646666666666668,0.4914659593701681,Summer
2008-08-07,0.23255833333333334,0.3866078867994268,Summer
2008-08-08,0.2098611111111111,0.43398647340816154,Summer
2008-08-09,0.24925277777777777,0.6196742579171336,Summer
2008-08-10,0.24446666666666667,0.601872968077908,Summer
2008-08-11,0.258275,0.39013212260685315,Summer
2008-08-12,0.20068333333333332,0.46599380903902443,Summer
2008-08-13,0.19623888888888888,0.48685393588753856,Summer
2008-08-14,0.18767916666666665,0.395381290424036,Summer
2008-08-15,0.1900375,0.4567213569863079,Summer
2008-08-16,0.19084305555555556,0.6567359657116892,Summer
2008-08-17,0.19083055555555556,0.6534008660868872,Summer
2008-08-18,0.19010972222222222,0.4560294066163224,Summer
2008-08-19,0.19075833333333334,0.545922782210168,Summer
2008-08-20,0.18643888888888888,0.580237009674851,Summer
2008-08-21,0.18145694444444443,0.5014009032303309,Summer
2008-08-22,0.1855027777777778,0.5743464096965033,Summer
2008-08-23,0.1768347222222222,0.784733101470376,Summer
2008-08-24,0.1768861111111111,0.7903578856228259,Summer
2008-08-25,0.17381805555555555,0.6003834063780347,Summer
2008-08-26,0.1788638888888889,0.6959923794403362,Summer
2008-08-27,0.17924583333333333,0.7342578986704396,Summer
2008-08-28,0.18628194444444443,0.6575638855672101,Summer
2008-08-29,0.18582500000000002,0.7308369612509829,Summer
2008-08-30,0.18779444444444443,0.9397714831736671,Summer
2008-08-31,1.04281723419041,0.942238774951309,Summer
2008-09-01,0.8663263888888889,0.7475140238170119,Fall
2008-09-02,0.9612180555555555,0.8369281090543561,Fall
2008-09-03,0.964226388888889,0.8677344541964381,Fall
2008-09-04,0.8508472222222222,0.7825251520595222,Fall
2008-09-05,0.6069166666666667,0.8464577455069718,Fall
2008-09-06,1.2976208333333334,1.0454745314458394,Fall
2008-09-07,0.9532333333333333,1.0377055607122834,Fall
2008-09-08,0.9092527777777778,0.832688967872643,Fall
2008-09-09,0.8053152777777778,0.9120160650090183,Fall
2008-09-10,0.9033083333333333,0.9331914695631063,Fall
2008-09-11,0.7143847222222222,0.8390426945349518,Fall
2008-09-12,0.9671958333333333,0.8949407601567065,Fall
2008-09-13,1.1329416666666665,1.0870138629950463,Fall
2008-09-14,1.0946708333333333,1.0735454311079382,Fall
2008-09-15,1.178963888888889,0.8641903384125332,Fall
2008-09-16,0.8485152777777778,0.9406168306256597,Fall
2008-09-17,1.0550069444444445,0.9603645268956786,Fall
2008-09-18,1.0453402777777778,0.8662529923628313,Fall
2008-09-19,1.0547541666666667,0.923602478538259,Fall
2008-09-20,0.9059722222222222,1.1184488746868677,Fall
2008-09-21,1.0646319444444443,1.1089441750542905,Fall
2008-09-22,0.9434472222222223,0.9045761806070896,Fall
2008-09-23,0.8561027777777778,0.9868149036318249,Fall
2008-09-24,1.193298611111111,1.0129759277756052,Fall
2008-09-25,0.7855694444444444,0.9256350824395084,Fall
2008-09-26,0.9940625000000001,0.9898558707959216,Fall
2008-09-27,1.4773930555555554,1.1914115197422956,Fall
2008-09-28,1.2021555555555556,1.1881987537552134,Fall
2008-09-29,1.0428736111111112,0.9894468928589557,Fall
2008-09-30,0.9548652777777779,1.076389391807395,Fall
2008-10-01,1.3002527777777777,1.1061280317364894,Fall
2008-10-02,0.9342652777777778,1.0210538596988494,Fall
2008-10-03,1.1198472222222222,1.0860801572118781,Fall
2008-10-04,1.4586777777777777,1.286869150687516,Fall
2008-10-05,1.0763541666666667,1.2812434479667,Fall
2008-10-06,0.9887374999999999,1.0784156174762505,Fall
2008-10-07,1.1990055555555554,1.159643102907774,Fall
2008-10-08,1.2920666666666667,1.1820984849368343,Fall
2008-10-09,1.3775569444444444,1.0882892489646823,Fall
2008-10-10,1.0544013888888888,1.143288345033425,Fall
2008-10-11,1.1592958333333334,1.3329573064385443,Fall
2008-10-12,1.3249583333333335,1.3153529969447872,Fall
2008-10-13,1.015261111111111,1.0999515187669873,Fall
2008-10-14,1.1174,1.1682966168777027,Fall
2008-10-15,1.4978444444444445,1.1778627571981573,Fall
2008-10-16,1.0997777777777777,1.0714672227223574,Fall
2008-10-17,1.296448611111111,1.114492713000191,Fall
2008-10-18,1.5549930555555556,1.293102421679697,Fall
2008-10-19,1.3693986111111112,1.2656388736152717,Fall
2008-10-20,1.158023611111111,1.0418402630189543,Fall
2008-10-21,1.433136111111111,1.1034818296785796,Fall
2008-10-22,1.1430625,1.1082326389712203,Fall
2008-10-23,1.2711763888888887,0.9990622794820809,Fall
2008-10-24,1.4814069444444444,1.041459110436359,Fall
2008-10-25,1.0903049391553328,1.2216421533943844,Fall
2008-10-26,0.36353611111111106,1.1979579991576894,Fall
2008-10-27,0.36381388888888894,0.9800965279759652,Fall
2008-10-28,0.9217291666666666,1.0497330022866267,Fall
2008-10-29,1.1198444444444444,1.0643868847549136,Fall
2008-10-30,0.7629166666666666,0.9668318476169215,Fall
2008-10-31,0.892938888888889,1.0223185239909176,Fall
2008-11-01,0.5767347222222222,1.2167919824868747,Fall
2008-11-02,0.6323708333333333,1.2082951542458367,Fall
2008-11-03,0.5886111111111111,1.0061918437936639,Fall
2008-11-04,1.0849416666666667,1.0918166956514377,Fall
2008-11-05,2.177034722222222,1.1223422666453842,Fall
2008-11-06,1.1030819444444444,1.0401974568808108,Fall
2008-11-07,1.1244333333333334,1.1102986324885666,Fall
2008-11-08,1.2035680555555555,1.3182752051780304,Fall
2008-11-09,1.7906513888888889,1.3218806884670922,Fall
2008-11-10,1.4587726638772665,1.1302226652909777,Fall
2008-11-11,1.7055208333333332,1.224418860101443,Fall
2008-11-12,1.5205104311543811,1.2615008316430205,Fall
2008-11-13,0.8600416666666667,1.183741797409379,Fall
2008-11-14,1.1262069444444445,1.2559850484367283,Fall
2008-11-15,2.105297222222222,1.4638394280074762,Fall
2008-11-16,1.642661111111111,1.4650904745120161,Fall
2008-11-17,1.0580805555555555,1.2689291439121402,Fall
2008-11-18,1.2146180555555555,1.3566053433057392,Fall
2008-11-19,1.2779430555555555,1.3852963416897326,Fall
2008-11-20,1.1752333333333334,1.297524285830983,Fall
2008-11-21,1.162451388888889,1.3583841885887333,Fall
2008-11-22,1.18845,1.553764247221582,Fall
2008-11-23,2.36645170257123,1.5417496596960512,Fall
2008-11-24,2.231248611111111,1.3318435733871288,Fall
2008-11-25,1.8769791666666666,1.4056126050313489,Fall
2008-11-26,1.0527458333333333,1.4205472107024986,Fall
2008-11-27,1.6404291666666666,1.3194713459524883,Fall
2008-11-28,1.3096972222222223,1.3677629895391321,Fall
2008-11-29,1.6907416666666668,1.5515675826937259,Fall
2008-11-30,1.6676305555555555,1.529195729480612,Fall
2008-12-01,1.1225958333333332,1.3103389485990231,Winter
2008-12-02,1.2454472222222222,1.3767110457426641,Winter
2008-12-03,1.218863888888889,1.3859054864328129,Winter
2008-12-04,1.2073874999999998,1.2808032789026629,Winter
2008-12-05,1.4295958333333334,1.3267929764619588,Winter
2008-12-06,1.7526638888888888,1.509984853031269,Winter
2008-12-07,1.7130138888888888,1.4886105650314816,Winter
2008-12-08,1.297663888888889,1.272242024517351,Winter
2008-12-09,1.3910722222222223,1.342436956094616,Winter
2008-12-10,1.540890510948905,1.3566013926231475,Winter
2008-12-11,0.9948069444444444,1.2574034695953589,Winter
2008-12-12,1.2607875,1.3099999573653234,Winter
2008-12-13,1.2677597222222223,1.5002573988606311,Winter
2008-12-14,1.390361111111111,1.486158969292679,Winter
2008-12-15,1.2468402777777778,1.2770305808630804,Winter
2008-12-16,1.2479791666666666,1.354193503542771,Winter
2008-12-17,1.4574902777777778,1.3748335613175602,Winter
2008-12-18,1.2062083333333333,1.2814210794633856,Winter
2008-12-19,1.3070222222222223,1.338942853936405,Winter
2008-12-20,1.5583752605976373,1.5331278632500878,Winter
2008-12-21,1.8358402777777778,1.5218577168246812,Winter
2008-12-22,1.3998666666666666,1.314395268338968,Winter
2008-12-23,1.2486722222222222,1.3920386011496482,Winter
2008-12-24,0.8816930555555555,1.411990413331264,Winter
2008-12-25,0.7368874999999999,1.3167769789088637,Winter
2008-12-26,0.8498138888888889,1.3714779901051342,Winter
2008-12-27,2.064002777777778,1.5619824945232885,Winter
2008-12-28,1.0907236111111112,1.546294875525132,Winter
2008-12-29,0.38560972222222223,1.3338587081503528,Winter
2008-12-30,0.8300263888888889,1.4061715615967514,Winter
2008-12-31,1.3640194444444445,1.4206480817882188,Winter
2009-01-01,0.9768694444444445,1.3200322823626414,Winter
2009-01-02,1.616326388888889,1.3696205387153648,Winter
2009-01-03,1.3288166666666668,1.555477265223085,Winter
2009-01-04,1.3472180555555555,1.5358345584025952,Winter
2009-01-05,1.113888888888889,1.3203095441953165,Winter
2009-01-06,1.1735152777777778,1.3905469584870764,Winter
2009-01-07,1.4446333333333332,1.4040773138818308,Winter
2009-01-08,1.1342152777777779,1.3037251492768982,Winter
2009-01-09,1.2421541666666667,1.3548289727620364,Winter
2009-01-10,1.4603805555555556,1.5434549666563302,Winter
2009-01-11,1.3722138888888888,1.5277957965195654,Winter
2009-01-12,1.1036652777777778,1.3173882903214027,Winter
2009-01-13,1.5156944444444445,1.3937575130219333,Winter
2009-01-14,1.2343863794301597,1.4142775541209212,Winter
2009-01-15,1.0861583333333333,1.3215834586284156,Winter
2009-01-16,1.9212180555555556,1.3807958171328467,Winter
2009-01-17,2.304041666666667,1.5777399627879585,Winter
2009-01-18,2.1904125,1.5703509732339573,Winter
2009-01-19,1.1804625,1.3678980808963632,Winter
2009-01-20,1.206963888888889,1.45163583963946,Winter
2009-01-21,1.2079402777777777,1.4786721783226158,Winter
2009-01-22,0.859275,1.3913875799327207,Winter
2009-01-23,1.326761111111111,1.454666710561695,Winter
2009-01-24,1.5283125,1.654124260062344,Winter
2009-01-25,1.9747666666666668,1.6475160167356304,Winter
2009-01-26,1.1628277777777778,1.4439686187481628,Winter
2009-01-27,0.9896041666666666,1.5246351886040463,Winter
2009-01-28,1.8900930555555555,1.5465668622909152,Winter
2009-01-29,1.0928458333333333,1.4521343585902655,Winter
2009-01-30,1.4298875,1.5062608476964068,Winter
2009-01-31,2.3005916666666666,1.6946478454702718,Winter
2009-02-01,1.289201141226819,1.67518515055125,Winter
2009-02-02,1.1134027777777777,1.4571782922620566,Winter
2009-02-03,1.2974930555555557,1.5220007503692305,Winter
2009-02-04,1.708975,1.5269610409958843,Winter
2009-02-05,1.1452,1.414718922462305,Winter
2009-02-06,1.4224972222222223,1.450512111139665,Winter
2009-02-07,2.1746777777777777,1.620375383732224,Winter
2009-02-08,1.5158791666666667,1.5825432484583688,Winter
2009-02-09,1.1851652777777777,1.3466698291366854,Winter
2009-02-10,1.349876388888889,1.3944734055919659,Winter
2009-02-11,1.8329097222222221,1.3835977836657585,Winter
2009-02-12,1.3671250000000001,1.2570154542607601,Winter
2009-02-13,1.173626388888889,1.2802530552606957,Winter
2009-02-14,1.6221098748261475,1.439602223748972,Winter
2009-02-15,1.1014111111111111,1.3935166419276488,Winter
2009-02-16,0.9159680555555555,1.1518271522267325,Winter
2009-02-17,0.5520466101694915,1.1963824894393553,Winter
2009-02-18,0.5739236111111111,1.1849059881875497,Winter
2009-02-19,0.5119916666666667,1.060402754404626,Winter
2009-02-20,1.3060666666666667,1.088378891336355,Winter
2009-02-21,0.9140166666666667,1.2550548178442462,Winter
2009-02-22,1.5544986111111112,1.2187639804064654,Winter
2009-02-23,1.8983722222222221,0.9891706769595732,Winter
2009-02-24,1.2382944444444444,1.0479144642472726,Winter
2009-02-25,0.8123916666666667,1.052471409291113,Winter
2009-02-26,0.8033694444444445,0.9455665573697536,Winter
2009-02-27,1.4089708333333333,0.9923990752708379,Winter
2009-02-28,1.1324652777777777,1.1788619640517968,Winter
2009-03-01,1.7148200138985408,1.1629474910633852,Spring
2009-03-02,1.0260013888888888,0.9539719036085297,Spring
2009-03-03,1.2839944444444444,1.0332267398416937,Spring
2009-03-04,1.2792569444444446,1.05784684501386,Spring
2009-03-05,1.0012583333333334,0.9702293201222213,Spring
2009-03-06,1.238523611111111,1.0352647268802753,Spring
2009-03-07,1.1781013888888887,1.2385623218855637,Spring
2009-03-08,1.6369208333333334,1.2378603644022905,Spring
2009-03-09,1.170525,1.0422549728757857,Spring
2009-03-10,1.2751458333333334,1.1328547781440983,Spring
2009-03-11,1.6707666666666667,1.1666514344400047,Spring
2009-03-12,1.3105972222222222,1.0859401892418454,Spring
2009-03-13,1.0038333333333334,1.1555518308385215,Spring
2009-03-14,1.4923805555555554,1.3610778016706777,Spring
2009-03-15,1.3486541666666665,1.3602795562090393,Spring
2009-03-16,0.9275413481584434,1.1623156903261804,Spring
2009-03-17,1.3416041666666667,1.2483941575559832,Spring
2009-03-18,1.0074166666666666,1.2756397139884201,Spring
2009-03-19,0.8274527777777777,1.1865108842531622,Spring
2009-03-20,1.016601388888889,1.2460278668270433,Spring
2009-03-21,1.3402930555555554,1.4399932713261394,Spring
2009-03-22,1.1730347222222224,1.4263968735172297,Spring
2009-03-23,0.9003125000000001,1.2146380216660069,Spring
2009-03-24,1.1539666666666666,1.2861731133257575,Spring
2009-03-25,1.2769263888888889,1.2983783827265878,Spring
2009-03-26,0.8409749999999999,1.1939623821847507,Spring
2009-03-27,1.1902263888888889,1.2381896574942324,Spring
2009-03-28,1.5701222222222222,1.4170975813500026,Spring
2009-03-29,1.5393402777777778,1.388897587852445,Spring
2009-03-30,1.0260083333333334,1.1631944921989255,Spring
2009-03-31,1.2663069444444444,1.2216313447284461,Spring
2009-04-01,1.1396805555555556,1.2217500824304293,Spring
2009-04-02,1.1418986111111111,1.1064023696112975,Spring
2009-04-03,0.9467083333333334,1.1409721246461475,Spring
2009-04-04,1.5216888888888889,1.3115916827457437,Spring
2009-04-05,0.9553583333333333,1.2765428164808552,Spring
2009-04-06,1.0087736111111112,1.0454762630754542,Spring
2009-04-07,1.0000638888888889,1.1000571736189395,Spring
2009-04-08,1.0656944444444443,1.0978267026246966,Spring
2009-04-09,1.3128277777777777,0.9816140839190867,Spring
2009-04-10,1.2792458333333334,1.0167606419295978,Spring
2009-04-11,1.7100319444444443,1.1893376401895686,Spring
2009-04-12,1.486813888888889,1.1575491417830537,Spring
2009-04-13,1.1116995827538247,0.9309534860003694,Spring
2009-04-14,1.0427347222222223,0.9911107549090188,Spring
2009-04-15,0.8444875,0.9954464108687424,Spring
2009-04-16,1.0864749999999999,0.8866654181838298,Spring
2009-04-17,1.4186180555555554,0.9299782701008961,Spring
2009-04-18,1.0501847222222223,1.1113208001161776,Spring
2009-04-19,0.8933805555555556,1.088758934349263,Spring
2009-04-20,1.0322986111111112,0.8717119758861408,Spring
2009-04-21,1.3156930555555555,0.9416017854929504,Spring
2009-04-22,1.0390263888888889,0.9557180339546962,Spring
2009-04-23,0.7926805555555556,0.8566338362146113,Spring
2009-04-24,0.8292,0.909433187554306,Spring
2009-04-25,1.404363888888889,1.0999320810416864,Spring
2009-04-26,1.2372402777777778,1.0860844637789488,Spring
2009-04-27,0.9386305555555555,0.8772066234145297,Spring
2009-04-28,1.1849902777777777,0.9546273690750432,Spring
2009-04-29,1.1560277777777779,0.9755541804423185,Spring
2009-04-30,1.2741402777777777,0.8824896319647526,Spring
2009-05-01,1.0505569444444445,0.9404595074403154,Spring
2009-05-02,0.9679930555555556,1.1352344773430738,Spring
2009-05-03,1.1172763888888888,1.1247364878564792,Spring
2009-05-04,1.158251388888889,0.918263443112267,Spring
2009-05-05,1.2024124999999999,0.9971395338786461,Spring
2009-05-06,0.9374319444444444,1.0185813751210762,Spring
2009-05-07,0.7032277777777778,0.9251142484600188,Spring
2009-05-08,1.2896916666666667,0.9817998548308465,Spring
2009-05-09,0.8759388888888889,1.174457441655549,Spring
2009-05-10,1.366610145934677,1.1610694480512236,Spring
2009-05-11,1.0535944444444445,0.9510052475367696,Spring
2009-05-12,1.1291361111111111,1.025670343640184,Spring
2009-05-13,0.8655541666666666,1.0423711867875278,Spring
2009-05-14,1.115961111111111,0.9437299216476447,Spring
2009-05-15,0.9876569444444445,0.994910485869604,Spring
2009-05-16,1.3940124999999999,1.1818379476994705,Spring
2009-05-17,1.0720583333333333,1.1626022535955272,Spring
2009-05-18,0.8402124999999999,0.9466799979837255,Spring
2009-05-19,1.1231555555555557,1.0155816074764386,Spring
2009-05-20,0.907751388888889,1.0267141493807008,Spring
2009-05-21,1.0938541666666668,0.9227941156572389,Spring
2009-05-22,0.7463930555555556,0.9690716497749451,Spring
2009-05-23,1.0629152777777777,1.1515481486896642,Spring
2009-05-24,0.8942958333333334,1.1283784557808576,Spring
2009-05-25,0.9403444444444444,0.9090912991811249,Spring
2009-05-26,0.9308796102992345,0.9752354064870157,Spring
2009-05-27,1.072425,0.9842415393599769,Spring
2009-05-28,0.8192611111111112,0.8788348266688383,Spring
2009-05-29,0.8630875,0.9242588837602541,Spring
2009-05-30,1.1521569444444444,1.106493661985896,Spring
2009-05-31,0.6645069444444445,1.083658247214936,Spring
2009-06-01,1.0022638888888888,0.8652322552105521,Summer
2009-06-02,0.7573875,0.932703238618404,Summer
2009-06-03,0.9420680555555555,0.9434303232447506,Summer
2009-06-04,0.7192083333333333,0.8400584172340889,Summer
2009-06-05,0.8544166666666666,0.8877444371365506,Summer
2009-06-06,1.0246180555555555,1.0723774438347453,Summer
2009-06-07,0.8384666666666667,1.0519838495153018,Summer
2009-06-08,0.8185944444444445,0.835951281144359,Summer
2009-06-09,0.9255902777777777,0.9056784495129401,Summer
2009-06-10,1.1131916666666668,0.9184411744333835,Summer
2009-06-11,0.9032291666666667,0.8168088430604898,Summer
2009-06-12,0.7650916666666666,0.8658726811466,Summer
2009-06-13,0.4739333333333333,1.0514676703658785,Summer
2009-06-14,,1.0315792193413709,Summer
2009-06-15,0.7836629441624365,0.8155681282129731,Summer
2009-06-16,1.047772222222222,0.8848211597562229,Summer
2009-06-17,0.6861222222222222,0.8966173423449348,Summer
2009-06-18,0.8095138888888889,0.7935442683116973,Summer
2009-06-19,0.7547680555555556,0.8407257665636871,Summer
2009-06-20,0.7688194444444444,1.024042794483537,Summer
2009-06-21,0.5938486111111112,1.0015386813993297,Summer
2009-06-22,0.7597902777777777,0.7826423004400935,Summer
2009-06-23,0.7216763888888889,0.8488165302769799,Summer
2009-06-24,1.0658847222222223,0.8574221908414963,Summer
2009-06-25,0.5356680555555555,0.7511317841701809,Summer
2009-06-26,0.8870291666666665,0.7951544937913498,Summer
2009-06-27,1.1868416666666666,0.9754543671328628,Summer
2009-06-28,0.7356902777777777,0.9501528952886026,Summer
2009-06-29,0.7014819444444444,0.7287496492419949,Summer
2009-06-30,0.8280875,0.792768414063795,Summer
2009-07-01,0.8460708333333334,0.7996190804878869,Summer
2009-07-02,0.8629013888888889,0.6920096932602465,Summer
2009-07-03,0.6001027777777778,0.7351701686406862,Summer
2009-07-04,0.8601166666666666,0.9150696532458721,Summer
2009-07-05,0.9796777777777779,0.8898187733484371,Summer
2009-07-06,0.6626805555555555,0.6688904542302709,Summer
2009-07-07,0.7709277777777778,0.7337667563952373,Summer
2009-07-08,0.8572222222222223,0.7418019776595259,Summer
2009-07-09,0.587675,0.6356363943543886,Summer
2009-07-10,0.826683844011142,0.6804221125775491,Summer
2009-07-11,0.6902555555555555,0.8620429458140968,Summer
2009-07-12,0.3565819444444444,0.8385194991260899,Summer
2009-07-13,0.3449625,0.619233059285458,Summer
2009-07-14,0.6329374999999999,0.6855756483262534,Summer
2009-07-15,0.49866249999999995,0.6948163934754246,Summer
2009-07-16,0.41635694444444443,0.5895184867276901,Summer
2009-07-17,0.5082,0.6347681039384796,Summer
2009-07-18,0.6711180555555555,0.8163971006332724,Summer
2009-07-19,0.8358638888888889,0.7923905705346844,Summer
2009-07-20,0.4600597222222222,0.5721127798433163,Summer
2009-07-21,0.5651125,0.63695875898349,Summer
2009-07-22,0.5135638888888889,0.6442216421379301,Summer
2009-07-23,0.7152777777777778,0.5365099804443547,Summer
2009-07-24,0.39009583333333336,0.5789763683706757,Summer
2009-07-25,0.3727,0.7575391884468257,Summer
2009-07-26,0.3770944444444444,0.7302885674501056,Summer
2009-07-27,0.4781708333333334,0.506710083555693,Summer
2009-07-28,0.6269791666666666,0.5683335516947101,Summer
2009-07-29,0.6263888888888889,0.5725970411696324,Summer
2009-07-30,0.5502263888888889,0.4622604318714977,Summer
2009-07-31,0.6776597222222223,0.5026299439298981,Summer
2009-08-01,0.4909486111111111,0.6797755536678656,Summer
2009-08-02,0.3400861111111111,0.6519325062536134,Summer
2009-08-03,0.3474291666666667,0.4287205882649979,Summer
2009-08-04,0.3533972222222222,0.49178861412601904,Summer
2009-08-05,0.360175,0.49867440661567963,Summer
2009-08-06,0.36991111111111113,0.3922146997635818,Summer
2009-08-07,0.37451111111111113,0.4377665131542572,Summer
2009-08-08,0.3656055555555555,0.621422013515148,Summer
2009-08-09,0.6932180555555556,0.6014081625953712,Summer
2009-08-10,0.7426097222222222,0.387304885968897,Summer
2009-08-11,0.6603847222222222,0.4606892685282118,Summer
2009-08-12,0.5725250000000001,0.4789960872375635,Summer
2009-08-13,1.10535883424408,0.3849291167561928,Summer
2009-08-14,0.5199138888888889,0.44368474144903536,Summer
2009-08-15,1.0514319444444444,0.6411698497252526,Summer
2009-08-16,0.8456333333333333,0.6354052475575636,Summer
2009-08-17,0.5457694444444444,0.43574824179902183,Summer
2009-08-18,0.7504152777777777,0.5235417953837777,Summer
2009-08-19,0.6116263888888889,0.5559804440975888,Summer
2009-08-20,0.5386958333333334,0.47552727575230425,Summer
2009-08-21,0.8067680555555556,0.5471433591769799,Summer
2009-08-22,1.0755125,0.7565114469385883,Summer
2009-08-23,0.7407694444444445,0.7614450332319767,Summer
2009-08-24,0.8696208333333333,0.5711162639262389,Summer
2009-08-25,0.6552847222222222,0.6667099529739342,Summer
2009-08-26,0.7892680555555556,0.7052937569789346,Summer
2009-08-27,0.5204625,0.6292386847819936,Summer
2009-08-28,0.7769736111111112,0.7034512231038761,Summer
2009-08-29,0.9641763888888889,0.913598816572607,Summer
2009-08-30,1.1585708333333333,0.9175197214620939,Summer
2009-08-31,0.8788347222222221,0.7244506935519811,Summer
2009-09-01,0.6809277777777777,0.8156797547052117,Fall
2009-09-02,0.8491763888888889,0.8484141079113579,Fall
2009-09-03,0.8688805555555557,0.7651974231767222,Fall
2009-09-04,0.7113805555555555,0.8311378474583193,Fall
2009-09-05,1.0512958333333333,1.0321285742368043,Fall
2009-09-06,0.8532152777777778,1.0262521120698096,Fall
2009-09-07,0.8482347222222223,0.8230018523881488,Fall
2009-09-08,0.7543430555555555,0.9039283372063313,Fall
2009-09-09,1.056488888888889,0.9265004648208742,Fall
2009-09-10,0.7724680555555555,0.8335160319647816,Fall
2009-09-11,0.8431569444444444,0.890323144805343,Fall
2009-09-12,1.4335819444444446,1.0830345118108642,Fall
2009-09-13,1.0912453092425294,1.069925928675679,Fall
2009-09-14,1.0936513888888888,0.8606527150742995,Fall
2009-09-15,1.0116708333333333,0.9368916476435165,Fall
2009-09-16,1.2105291666666667,0.9561987511269395,Fall
2009-09-17,0.8496013888888888,0.8614174465288835,Fall
2009-09-18,0.9541888888888889,0.9178986626231855,Fall
2009-09-19,1.4831319444444444,1.1117149690523416,Fall
2009-09-20,1.4134222222222221,1.1010600561575072,Fall
2009-09-21,0.9846305555555556,0.8954673052754416,Fall
2009-09-22,0.86565,0.9764549470234348,Fall
2009-09-23,1.1365347222222222,1.0013880926982839,Fall
2009-09-24,0.9904569444444444,0.9128920327703842,Fall
2009-09-25,0.8062611111111112,0.97607827837957,Fall
2009-09-26,1.0807319444444443,1.1767652514581344,Fall
2009-09-27,0.9794944444444444,1.172884777441098,Fall
2009-09-28,0.9024,0.9737079399070772,Fall
2009-09-29,0.7961097222222222,1.060497600468937,Fall
2009-09-30,1.232778859527121,1.0903776716689588,Fall
2009-10-01,0.893925,1.0057533407428727,Fall
2009-10-02,0.8004638888888889,1.0715435308989756,Fall
2009-10-03,1.1921805555555556,1.273407328442923,Fall
2009-10-04,1.1257680555555556,1.2691553695188786,Fall
2009-10-05,0.8857791666666667,1.06797960634678,Fall
2009-10-06,0.9919777777777778,1.151108642897072,Fall
2009-10-07,1.2651625,1.1756786422694128,Fall
2009-10-08,1.0952541666666666,1.084153949423141,Fall
2009-10-09,0.9387930555555556,1.141558694372467,Fall
2009-10-10,1.3977472222222223,1.3337011161425205,Fall
2009-10-11,1.3469659485753998,1.3185816466788243,Fall
2009-10-12,0.938613888888889,1.1056182524259832,Fall
2009-10-13,1.0063194444444443,1.1762963319143391,Fall
2009-10-14,1.18835,1.1880333078448713,Fall
2009-10-15,1.0347055555555555,1.0835922178933803,Fall
2009-10-16,1.053375,1.1283057500986815,Fall
2009-10-17,1.9042222222222223,1.3082926593229913,Fall
2009-10-18,1.0806694444444445,1.281857810457642,Fall
2009-10-19,0.9507694444444444,1.0587095573391831,Fall
2009-10-20,1.1963944444444445,1.120601966148975,Fall
2009-10-21,1.3677125,1.125192225725675,Fall
2009-10-22,0.9720208333333333,1.0154477409951097,Fall
2009-10-23,1.2204513888888888,1.0568645302009843,Fall
2009-10-24,1.815561111111111,1.2356790153609323,Fall
2009-10-25,1.6712055555555556,1.2102645784517536,Fall
2009-10-26,0.7724611111111112,0.9903466895877971,Fall
2009-10-27,0.775525,1.0576441809699684,Fall
2009-10-28,0.8810472222222223,1.0697270399371968,Fall
2009-10-29,1.3760000000000001,0.9694252131837667,Fall
2009-10-30,1.0370541666666666,1.02205000364401,Fall
2009-10-31,1.3027375,1.2136100762056314,Fall
2009-11-01,1.2799777777777777,1.2022133392796845,Fall
2009-11-02,1.0446013888888888,0.9972883735403932,Fall
2009-11-03,1.5740888888888889,1.0802328207206575,Fall
2009-11-04,1.25125,1.1082789232323467,Fall
2009-11-05,1.0836569444444444,1.0239105072165637,Fall
2009-11-06,0.9655902777777778,1.0920927795412234,Fall
2009-11-07,1.0813722222222222,1.2984967379199526,Fall
2009-11-08,1.7416680555555555,1.3009092440466445,Fall
2009-11-09,0.9762001389854065,1.1084622194770177,Fall
2009-11-10,1.1154055555555555,1.2022881771863523,Fall
2009-11-11,1.417,1.2393920940708227,Fall
2009-11-12,1.0160180555555556,1.1620737581322214,Fall
2009-11-13,1.0645319444444443,1.2351618208807664,Fall
2009-11-14,1.7780944444444446,1.4442412486868705,Fall
2009-11-15,1.366186111111111,1.4470651476612666,Fall
2009-11-16,1.0517138888888888,1.252784381005703,Fall
2009-11-17,1.186315277777778,1.3426021857883557,Fall
2009-11-18,1.8327597222222223,1.373643825795778,Fall
2009-11-19,1.0242,1.2883754748329115,Fall
2009-11-20,1.3618166666666667,1.3518336611056476,Fall
2009-11-21,1.733927777777778,1.549847091319956,Fall
2009-11-22,1.7020666666666668,1.5404419824948472,Fall
2009-11-23,1.0216125,1.333064495810085,Fall
2009-11-24,1.4783722222222224,1.4092276723079005,Fall
2009-11-25,1.3750902777777778,1.4263731122701229,Fall
2009-11-26,1.110851388888889,1.3272818045120773,Fall
2009-11-27,0.9583513888888889,1.3772956491128325,Fall
2009-11-28,1.2909375,1.5625317003632235,Fall
2009-11-29,1.1465013888888889,1.5412804557622697,Fall
2009-11-30,1.2119375000000001,1.3232219676019121,Fall
2009-12-01,1.2197069444444444,1.3900673387309186,Winter
2009-12-02,1.6289361111111111,1.3994159813396099,Winter
2009-12-03,1.0275611111111111,1.2941631537144738,Winter
2009-12-04,1.1883986111111111,1.3397193960383555,Winter
2009-12-05,1.6331680555555557,1.5222239364943522,Winter
2009-12-06,1.651588888888889,1.4999434038348192,Winter
2009-12-07,1.2101652777777778,1.2824895990521568,Winter
2009-12-08,1.3936694444444444,1.3514638304023376,Winter
2009-12-09,1.2516361111111112,1.3643181016007966,Winter
2009-12-10,1.4285716272600835,1.263767550001899,Winter
2009-12-11,1.2392097222222223,1.3150156119721208,Winter
2009-12-12,1.2613750000000001,1.5039738211764093,Winter
2009-12-13,1.4852874999999999,1.4886673933644046,Winter
2009-12-14,1.2464319444444445,1.2784601557646884,Winter
2009-12-15,1.3473027777777777,1.3547061242454936,Winter
2009-12-16,0.9686625,1.3746178159603266,Winter
2009-12-17,1.1924875,1.2806854967082202,Winter
2009-12-18,1.2116013888888888,1.337908652590379,Winter
2009-12-19,1.5307875,1.532021419084007,Winter
2009-12-20,0.7945597222222222,1.520902968255037,Winter
2009-12-21,1.4131708333333333,1.313806283178956,Winter
2009-12-22,1.3111263888888889,1.3920125209645091,Winter
2009-12-23,1.0105555555555557,1.4127009803065358,Winter
2009-12-24,2.0179819444444442,1.3183688327939795,Winter
2009-12-25,1.4775333333333334,1.374061900337166,Winter
2009-12-26,1.5164013888888888,1.5655982374587152,Winter
2009-12-27,1.5246194444444443,1.550975576761745,Winter
2009-12-28,1.4542347222222223,1.3395961546037793,Winter
2009-12-29,1.4222000000000001,1.4129162339948995,Winter
2009-12-30,1.7021597222222222,1.4283104807915812,Winter
2009-12-31,1.536036111111111,1.3284855130854234,Winter
2010-01-01,0.850175,1.378704082830917,Winter
2010-01-02,0.9095455177206393,1.5650018362841482,Winter
2010-01-03,1.4468430555555556,1.5455879053180712,Winter
2010-01-04,1.1139805555555555,1.3300630409238348,Winter
2010-01-05,1.541513888888889,1.4000627955374414,Winter
2010-01-06,1.2341527777777779,1.4131160898600514,Winter
2010-01-07,1.2287791666666668,1.3120536488819277,Winter
2010-01-08,1.248061111111111,1.362227911633886,Winter
2010-01-09,1.6228472222222223,1.549726483491245,Winter
2010-01-10,1.7419902777777776,1.5327704788337853,Winter
2010-01-11,1.0546416666666667,1.3209315320358757,Winter
2010-01-12,1.4362127659574468,1.3957750192779563,Winter
2010-01-13,,1.4147198309902924,Winter
2010-01-14,2.0754630872483224,1.3204491519949515,Winter
2010-01-15,1.525527777777778,1.3781337953083437,Winter
2010-01-16,1.4931333333333334,1.5736500705407204,Winter
2010-01-17,1.3239972222222223,1.5649834199677533,Winter
2010-01-18,1.3063180555555556,1.3614514617800233,Winter
2010-01-19,1.689936111111111,1.4443538245992866,Winter
2010-01-20,1.6331444444444445,1.4708389389948928,Winter
2010-01-21,1.484622222222222,1.3833220580300702,Winter
2010-01-22,1.2434902777777777,1.446715861734507,Winter
2010-01-23,1.8127241139680335,1.6466554344595188,Winter
2010-01-24,1.575986111111111,1.6409086603808456,Winter
2010-01-25,1.3406319444444443,1.4386054979675253,Winter
2010-01-26,1.4358083333333331,1.5208933526226271,Winter
2010-01-27,1.9172930555555556,1.5448085664351345,Winter
2010-01-28,1.4654402777777777,1.4526981721610994,Winter
2010-01-29,1.4534652777777777,1.5094531664597077,Winter
2010-01-30,1.9741166666666667,1.7007350190311534,Winter
2010-01-31,1.2494416666666666,1.6843864198995493,Winter
2010-02-01,1.1762347222222223,1.4696597129128863,Winter
2010-02-02,1.4982166666666665,1.5378702523537005,Winter
2010-02-03,2.0159819444444445,1.5462647490866366,Winter
2010-02-04,1.6085208333333334,1.4374388292385243,Winter
2010-02-05,1.4575638888888887,1.476565162577927,Winter
2010-02-06,1.8840180555555555,1.6496140028215844,Winter
2010-02-07,1.1289638888888889,1.6147572877806944,Winter
2010-02-08,1.7932208333333333,1.3815899092535209,Winter
2010-02-09,1.6812027777777776,1.4317755633633908,Winter
2010-02-10,1.3513148019457957,1.4229074289998933,Winter
2010-02-11,0.9512277777777778,1.297918081211241,Winter
2010-02-12,1.3145819444444444,1.3223001790645987,Winter
2010-02-13,1.633025,1.482319945539686,Winter
2010-02-14,1.1721320361362058,1.4364147523056765,Winter
2010-02-15,1.4563416666666666,1.1944085692475752,Winter
2010-02-16,1.2484416666666667,1.2381528210576553,Winter
2010-02-17,1.4267777777777777,1.2253830087143966,Winter
2010-02-18,1.223025,1.0991255891575378,Winter
2010-02-19,1.3566472222222221,1.1249167130672828,Winter
2010-02-20,1.377588888888889,1.2890148724732775,Winter
2010-02-21,1.9029958333333332,1.2497987775942998,Winter
2010-02-22,1.0236361111111112,1.0169842026259162,Winter
2010-02-23,1.0147777777777778,1.072267296648126,Winter
2010-02-24,1.3293597222222222,1.07318464706022,Winter
2010-02-25,1.3056972222222223,0.9625244962920664,Winter
2010-02-26,1.4723305555555555,1.0055505997636291,Winter
2010-02-27,1.2257333333333333,1.1882206486144542,Winter
2010-02-28,0.49421250000000005,1.1685904356665884,Winter
2010-03-01,0.9018944444444444,0.956037354353084,Spring
2010-03-02,0.5325736111111111,1.0319105716792842,Spring
2010-03-03,0.6498847222222222,1.0533980062735333,Spring
2010-03-04,0.4742222222222222,0.9629443585340064,Spring
2010-03-05,0.7873097222222223,1.0254815333876537,Spring
2010-03-06,0.5518833333333333,1.2266532414293585,Spring
2010-03-07,0.9531055555555555,1.2242248319079545,Spring
2010-03-08,1.7757625,1.0273118377433008,Spring
2010-03-09,1.2223000000000002,1.1170344816985878,Spring
2010-03-10,1.2657166666666666,1.1503882021030478,Spring
2010-03-11,1.3549236111111111,1.0696643929047673,Spring
2010-03-12,1.1426555555555555,1.1396826673064195,Spring
2010-03-13,1.6548680555555555,1.3460164204983265,Spring
2010-03-14,1.0879958333333333,1.3464027551810371,Spring
2010-03-15,1.2443402777777777,1.1499702797395381,Spring
2010-03-16,1.0712847222222224,1.237892075831362,Spring
2010-03-17,1.3952291666666665,1.267253957523816,Spring
2010-03-18,1.0851958333333334,1.1804722943356134,Spring
2010-03-19,1.1551277777777778,1.2425227963907524,Spring
2010-03-20,0.5678103448275862,1.4391621348447232,Spring
2010-03-21,1.4771046698872787,1.4283335648189406,Spring
2010-03-22,1.1240208333333332,1.2193901673591543,Spring
2010-03-23,1.265390277777778,1.2937431141541484,Spring
2010-03-24,1.3852444444444445,1.3087251818466987,Spring
2010-03-25,1.166586111111111,1.2070038882222758,Spring
2010-03-26,1.146725,1.2538057415080488,Spring
2010-03-27,1.2833125,1.4351335601192319,Spring
2010-03-28,1.2487597222222222,1.409168103902107,Spring
2010-03-29,1.126901388888889,1.1854876956281748,Spring
2010-03-30,1.3239263888888888,1.2457132863494742,Spring
2010-03-31,1.3359736111111111,1.2473692285138003,Spring
2010-04-01,1.1718333333333333,1.1332941533689862,Spring
2010-04-02,1.1448763888888889,1.1688634555752695,Spring
2010-04-03,1.2536652777777777,1.3402053421772602,Spring
2010-04-04,1.1738805555555556,1.3056016758084905,Spring
2010-04-05,0.7769583333333333,1.0747072699173574,Spring
2010-04-06,1.267952777777778,1.1291950602188576,Spring
2010-04-07,1.1090152777777778,1.1266173799279922,Spring
2010-04-08,1.1452916666666666,1.0098176936205585,Spring
2010-04-09,0.8564930555555554,1.0441542472151712,Spring
2010-04-10,0.8265333333333333,1.2157175436812024,Spring
2010-04-11,1.1138359972202918,1.1827328261513583,Spring
2010-04-12,0.9996013888888888,0.9547811788254932,Spring
2010-04-13,1.0504888888888888,1.0134466244521074,Spring
2010-04-14,1.1530305555555556,1.0161794035996596,Spring
2010-04-15,1.3001236111111112,0.9057097520808869,Spring
2010-04-16,1.0847652777777776,0.9472736000601076,Spring
2010-04-17,1.0817444444444444,1.1268320733168677,Spring
2010-04-18,1.0250736111111112,1.102475954261322,Spring
2010-04-19,1.186523611111111,0.8836486939105592,Spring
2010-04-20,1.2733527777777778,0.9517953391414269,Spring
2010-04-21,1.0971625,0.9642275501549689,Spring
2010-04-22,1.0145166666666667,0.8635390179350514,Spring
2010-04-23,0.8198166666666667,0.9148327015834278,Spring
2010-04-24,1.0544569444444443,1.1039417646007876,Spring
2010-04-25,1.071348611111111,1.0888353677415104,Spring
2010-04-26,0.751886111111111,0.8788429103549117,Spring
2010-04-27,0.8687083333333334,0.9553040852171658,Spring
2010-04-28,0.6026791666666667,0.9754349217884798,Spring
2010-04-29,0.7664749999999999,0.8817441265084002,Spring
2010-04-30,0.776825,0.9392611372654938,Spring
2010-05-01,0.9167763888888888,1.1337577665730594,Spring
2010-05-02,1.5193819444444443,1.123154584668314,Spring
2010-05-03,0.9800708333333332,0.9167456263045954,Spring
2010-05-04,1.0534444444444444,0.9958487765668325,Spring
2010-05-05,1.253686111111111,1.017671999931619,Spring
2010-05-06,0.9022569444444445,0.9247297099211735,Spring
2010-05-07,1.1416694444444444,0.9820706853621335,Spring
2010-05-08,1.0648763888888888,1.1754993975210346,Spring
2010-05-09,1.0878541666666666,1.162981890735493,Spring
2010-05-10,1.0193694444444446,0.9538697941345218,Spring
2010-05-11,1.0912277777777777,1.0295498168252721,Spring
2010-05-12,1.4134847222222222,1.0473088917225253,Spring
2010-05-13,1.0788714384989577,0.9497492708147414,Spring
2010-05-14,1.1959347222222223,1.0020149883185256,Spring
2010-05-15,1.3505361111111112,1.1900115716984216,Spring
2010-05-16,1.4586291666666666,1.1718101642916277,Spring
2010-05-17,1.1306819444444445,0.9568696635597267,Spring
2010-05-18,0.9869333333333333,1.0266842588554206,Spring
2010-05-19,0.9908,1.0386465698870953,Spring
2010-05-20,0.8013180555555555,0.9354607285827665,Spring
2010-05-21,0.898886111111111,0.9823668636455698,Spring
2010-05-22,1.4553972222222222,1.1653589125457906,Spring
2010-05-23,1.033025,1.14258697017167,Spring
2010-05-24,0.9314805555555556,0.9235778230894471,Spring
2010-05-25,0.8323791666666667,0.9898810962782086,Spring
2010-05-26,0.9638083333333334,0.9989312532325113,Spring
2010-05-27,0.9189875000000001,0.8934598271823594,Spring
2010-05-28,0.9709472222222222,0.938719371863207,Spring
2010-05-29,1.4234777777777778,1.120701078666263,Spring
2010-05-30,1.1567361111111112,1.0975372834206019,Spring
2010-05-31,0.9308763888888889,0.8787225169620909,Spring
2010-06-01,0.8812249999999999,0.945760522190326,Summer
2010-06-02,0.6811791666666667,0.9560274646939886,Summer
2010-06-03,0.9681847222222222,0.8521856912300455,Summer
2010-06-04,0.9864958333333333,0.8994094917082378,Summer
2010-06-05,1.3955861111111112,1.0836047699687006,Summer
2010-06-06,1.21305,1.0628137972296052,Summer
2010-06-07,0.7028347222222222,0.8464386462893192,Summer
2010-06-08,0.9458569444444446,0.9158906678326381,Summer
2010-06-09,1.065751388888889,0.928456170890883,Summer
2010-06-10,0.8438819444444445,0.8267125948215988,Summer
2010-06-11,1.0213,0.8757565615287799,Summer
2010-06-12,1.371166087560806,1.0614256482260735,Summer
2010-06-13,1.1627472222222222,1.041704993527838,Summer
2010-06-14,0.8458222222222221,0.8259522796569632,Summer
2010-06-15,0.8499763888888888,0.8955484043638464,Summer
2010-06-16,1.2278416666666667,0.9077639660216842,Summer
2010-06-17,0.7139013888888889,0.8051758211897204,Summer
2010-06-18,0.9252194444444445,0.852895086885311,Summer
2010-06-19,0.9834861111111112,1.0367884237696547,Summer
2010-06-20,1.1614930555555556,1.0148837216918243,Summer
2010-06-21,1.1533958333333334,0.7965937518772963,Summer
2010-06-22,1.055963888888889,0.8633651333088339,Summer
2010-06-23,1.0014333333333334,0.8725427824790895,Summer
2010-06-24,0.7609583333333333,0.7667841621511001,Summer
2010-06-25,0.7634986111111112,0.8112847669334216,Summer
2010-06-26,0.6816805555555555,0.9919967548679552,Summer
2010-06-27,0.7916416666666666,0.9670319249156811,Summer
2010-06-28,1.021763888888889,0.7458826862500847,Summer
2010-06-29,0.9501709520500348,0.8100684493529622,Summer
2010-06-30,0.9612055555555555,0.8169976889187318,Summer
2010-07-01,0.9368069444444445,0.7093800709066906,Summer
2010-07-02,0.7923111111111112,0.7524501517827658,Summer
2010-07-03,0.7778291666666667,0.9321846206246497,Summer
2010-07-04,1.0681166666666666,0.9067043346771959,Summer
2010-07-05,0.7736041666666666,0.6854948323987206,Summer
2010-07-06,0.6985652777777778,0.7500527781881483,Summer
2010-07-07,0.5797138888888889,0.7577485979397152,Summer
2010-07-08,0.8421194444444444,0.6512396913261386,Summer
2010-07-09,0.7524152777777778,0.6956957066081378,Summer
2010-07-10,0.8017388888888888,0.8770178109606978,Summer
2010-07-11,0.8288694444444445,0.8532431545249245,Summer
2010-07-12,0.7705375000000001,0.6337681464317655,Summer
2010-07-13,0.9598013888888889,0.6999979193965675,Summer
2010-07-14,0.9788,0.7092121547575669,Summer
2010-07-15,1.134928422515636,0.6039815592438977,Summer
2010-07-16,0.5694833333333333,0.6493963800068527,Summer
2010-07-17,0.5599666666666666,0.8312887898404434,Summer
2010-07-18,0.5639152777777778,0.8076402409076049,Summer
2010-07-19,0.5563597222222222,0.5878073095182481,Summer
2010-07-20,0.5943222222222222,0.6531733199734926,Summer
2010-07-21,0.7390041666666666,0.6610158407170733,Summer
2010-07-22,0.8086430555555555,0.5539242779236878,Summer
2010-07-23,0.8167763888888888,0.5970289016852057,Summer
2010-07-24,0.6400472222222222,0.776223101959508,Summer
2010-07-25,0.7850069444444445,0.7495699558998836,Summer
2010-07-26,0.6139930555555555,0.5265266313775814,Summer
2010-07-27,0.6613611111111111,0.5885939363654864,Summer
2010-07-28,0.5990652777777777,0.5931811482246726,Summer
2010-07-29,0.38132222222222223,0.4830204073409773,Summer
2010-07-30,0.38281944444444443,0.5233920867024138,Summer
2010-07-31,0.38515,0.7003430264017838,Summer
2010-08-01,0.38587777777777776,0.6720888195272521,Summer
2010-08-02,0.38158472222222223,0.4482337894384958,Summer
2010-08-03,0.42723055555555556,0.5104160905046331,Summer
2010-08-04,0.37733055555555556,0.5161681926416475,Summer
2010-08-05,0.37046944444444446,0.40832716073076913,Summer
2010-08-06,0.36440694444444444,0.452256263857001,Summer
2010-08-07,0.36630277777777775,0.6340599198220005,Summer
2010-08-08,0.3669861111111111,0.6119832675023309,Summer
2010-08-09,0.3715722222222222,0.39563009954347106,Summer
2010-08-10,0.3783041666666667,0.46660666342212864,Summer
2010-08-11,0.3763902777777777,0.4823816481292391,Summer
2010-08-12,0.3678458333333333,0.3856968033863244,Summer
2010-08-13,0.37103749999999996,0.4417897396589223,Summer
2010-08-14,0.3849097222222222,0.6366109043484329,Summer
2010-08-15,0.7333236111111112,0.6282259931108477,Summer
2010-08-16,0.7845347222222222,0.4260374720379121,Summer
2010-08-17,0.775120443740095,0.5114326400020749,Summer
2010-08-18,,0.5416484494561896,Summer
2010-08-19,,0.45918741578258837,Summer
2010-08-20,,0.5290460316855641,Summer
2010-08-21,,0.7369375386695642,Summer
2010-08-22,0.6140657894736842,0.7407001634078583,Summer
2010-08-23,0.5317069444444444,0.5495243398229823,Summer
2010-08-24,0.5020472222222222,0.6446061917335444,Summer
2010-08-25,0.6808388888888889,0.6830173446322145,Summer
2010-08-26,0.5258694444444444,0.6071252559153175,Summer
2010-08-27,1.4101736111111112,0.6818253522491851,Summer
2010-08-28,1.0019833333333332,0.8927667150299509,Summer
2010-08-29,1.1586666666666667,0.897762330674492,Summer
2010-08-30,1.0380569444444443,0.7060173583654916,Summer
2010-08-31,0.9479902777777778,0.7987826469992431,Summer
2010-09-01,1.1064708333333333,0.8332235534346384,Fall
2010-09-02,0.9670083333333334,0.7518382624266933,Fall
2010-09-03,0.9350097222222222,0.8196869355918283,Fall
2010-09-04,1.2109999999999999,1.0226134959909419,Fall
2010-09-05,0.9187625,1.0186511562418359,Fall
2010-09-06,0.9881083333333334,0.8172452573733354,Fall
2010-09-07,1.0082319444444445,0.899900785358582,Fall
2010-09-08,0.9054249999999999,0.9240447698292589,Fall
2010-09-09,0.8602180555555555,0.8324379309948298,Fall
2010-09-10,0.9222972222222222,0.8903970767142596,Fall
2010-09-11,1.0161875,1.0840102351517482,Fall
2010-09-12,1.1195083333333333,1.0715358092752456,Fall
2010-09-13,0.7474444444444444,0.862619493331965,Fall
2010-09-14,0.993526388888889,0.9389364810317342,Fall
2010-09-15,0.6847875,0.9580493180007459,Fall
2010-09-16,0.9303736111111112,0.8628158937185221,Fall
2010-09-17,1.0400055555555556,0.9186091814404866,Fall
2010-09-18,0.8666291666666666,1.1115307923454436,Fall
2010-09-19,0.6386111111111111,1.099809682729858,Fall
2010-09-20,1.1686333333333334,0.8930197770120585,Fall
2010-09-21,0.7717888888888889,0.9727240279990247,Fall
2010-09-22,1.0488847222222222,0.9963352277549131,Fall
2010-09-23,1.0068486111111112,0.9065279948324632,Fall
2010-09-24,0.9222166666666667,0.9684634482923128,Fall
2010-09-25,0.4491779661016949,1.1680085104345244,Fall
2010-09-26,,1.163141029607261,Fall
2010-09-27,,0.9631743190819751,Fall
2010-09-28,1.6391149825783973,1.049408451634222,Fall
2010-09-29,1.1697402777777777,1.078998431170588,Fall
2010-09-30,0.8668597222222222,0.9943734700248831,Fall
2010-10-01,1.045013888888889,1.0604686854035437,Fall
2010-10-02,1.3355930555555555,1.2629509654438777,Fall
2010-10-03,1.2713083333333333,1.2596300155296736,Fall
2010-10-04,1.2333055555555557,1.0596880157936595,Fall
2010-10-05,1.2879333333333334,1.1443350846851448,Fall
2010-10-06,0.913511111111111,1.1706805494903565,Fall
2010-10-07,1.2569124999999999,1.0811541597610017,Fall
2010-10-08,1.0489277777777777,1.1407384949233303,Fall
2010-10-09,1.1192916666666666,1.335194286707178,Fall
2010-10-10,1.3881277777777778,1.3224696706015309,Fall
2010-10-11,1.126798611111111,1.111926834386616,Fall
2010-10-12,1.0970083333333334,1.184993328489109,Fall
2010-10-13,1.4401986111111111,1.1990281400350276,Fall
2010-10-14,1.482723611111111,1.0967367961162355,Fall
2010-10-15,1.1085583333333333,1.1433969023974389,Fall
2010-10-16,0.6944541666666667,1.3250760138330062,Fall
2010-10-17,0.7273486111111112,1.3000330445020627,Fall
2010-10-18,1.8846416666666668,1.0779368890243564,Fall
2010-10-19,1.3374847222222224,1.1405097308847598,Fall
2010-10-20,1.199975,1.1453853507139866,Fall
2010-10-21,0.9411097222222223,1.0355169061202039,Fall
2010-10-22,1.1589527777777777,1.0763957846781282,Fall
2010-10-23,1.592525,1.2542636064153885,Fall
2010-10-24,1.661256428075052,1.227508741628899,Fall
2010-10-25,0.8078416666666666,1.005881150207928,Fall
2010-10-26,0.6568777777777778,1.0711331227546654,Fall
2010-10-27,0.8751930555555556,1.080876309840919,Fall
2010-10-28,1.0161986111111112,0.9779895505440974,Fall
2010-10-29,0.8364041666666667,1.0278391065236583,Fall
2010-10-30,1.4949305555555554,1.2164933475080089,Fall
2010-10-31,1.025298611111111,1.2021231891388673,Fall
2010-11-01,0.9605416666666667,0.9942219916991017,Fall
2010-11-02,0.8271402777777779,1.0742523721412978,Fall
2010-11-03,0.8981236111111112,1.0995101609656375,Fall
2010-11-04,1.7744069444444446,1.0125398375197232,Fall
2010-11-05,1.2056166666666666,1.0783628542678547,Fall
2010-11-06,1.2537555555555555,1.2827006872746676,Fall
2010-11-07,1.1623722222222221,1.28338369783329,Fall
2010-11-08,1.2677361111111112,1.0895792961155708,Fall
2010-11-09,1.4042347222222222,1.1824466457669858,Fall
2010-11-10,1.3517597222222224,1.2190079373403893,Fall
2010-11-11,1.231661111111111,1.1415703757700089,Fall
2010-11-12,1.2755708333333333,1.214960124320907,Fall
2010-11-13,1.4049819444444445,1.4247498989102017,Fall
2010-11-14,1.41555,1.4286711829211418,Fall
2010-11-15,1.2134597222222223,1.2358444701591904,Fall
2010-11-16,1.0484361111111111,1.327434725388814,Fall
2010-11-17,1.0986333333333334,1.3605220759003411,Fall
2010-11-18,1.1473277777777777,1.2775219001770433,Fall
2010-11-19,1.0905555555555557,1.3434156117058977,Fall
2010-11-20,1.525698611111111,1.5439739205575271,Fall
2010-11-21,0.6256319444444445,1.5371636622857514,Fall
2010-11-22,1.4177333333333333,1.332371748624014,Fall
2010-11-23,1.095511111111111,1.4110535996429694,Fall
2010-11-24,1.2473944444444445,1.430596259788294,Fall
2010-11-25,0.9938638888888889,1.333730566476127,Fall
2010-11-26,1.1782296120348377,1.3857538800138003,Fall
